시설ID,시설명,서비스분류코드,서비스분류명,자치구코드,자치구명,연령구분코드,연령구분,X좌표값,Y좌표값,우편번호,기본주소,상세주소,설립일,사용료무료여부,사용료,전용면적(평),학기시작시간,학기종료시간,방학시작시간,방학종료시간,재량휴일시작시간,재량휴일종료시간,토요일운영여부,토요일운영시작시간,토요일운영종료시간,월사용료무료여부,월자기부담금,월사용료,일사용료무료여부,일자기부담금,일사용료,상시돌봄정원수,일시돌봄정원수,전용면적(m2),자치구코드배열,아침돌봄서비스여부,등록일시,수정일시
GR260201,구로20호점 우리동네키움센터(개봉2동),1001,우리동네키움센터,11530,구로구,1003,초등학생,126.86113,37.49273,8329,서울특별시 구로구 개봉로20길 123,구로문화누리 도서관동 1층 (개봉동),2026-02-23T00:00:00,,,103,900,1800,900,1800,900,1800,N,,,N,,50000,N,,2500,20,4,30,,N,2026-02-02T12:47:20,2026-02-13T13:24:26
DB251101,도봉구 8호점 우리동네키움센터(융합형),1009,융합형키움센터,11320,도봉구,1003,초등학생,127.046357369164,37.6747946196748,1326,서울특별시 도봉구 도봉로162길 25-3, (도봉동) 도봉구 8호점 우리동네키움센터(융합형),2026-01-02T00:00:00,,,120,1300,2200,800,2200,800,2200,Y,900,1300,N,,20000,N,,2000,30,6,398.26,,N,2025-11-28T11:16:17,2026-03-11T13:50:07
YC251001,양천구 8호점 우리동네키움센터,1001,우리동네키움센터,11470,양천구,1003,초등학생,126.869006300997,37.5109667065923,8101,서울특별시 양천구 목동남로 98,양천구보육타운 3층 (신정동),2025-11-19T00:00:00,,,56,1300,2000,900,1800,900,1800,N,,,N,,50000,N,,2500,32,6,185,,N,2025-10-02T16:15:44,2026-04-17T16:08:32
GD250602,강동9호점 둔촌동 우리동네키움센터(융합형),1009,융합형키움센터,11740,강동구,1003,초등학생,127.13616,37.52585,5409,서울특별시 강동구 양재대로 1342,강동숨터 3층 (둔촌동),2025-07-01T00:00:00,,,102,1300,2000,800,2000,900,2000,Y,900,1300,N,,50000,N,,2500,40,8,339.16,,N,2025-06-19T17:25:54,2025-08-07T10:52:41
GD250501,강동구8호점 상일동 우리동네키움센터,1001,우리동네키움센터,11740,강동구,1003,초등학생,127.16382,37.55124,5277,서울특별시 강동구 구천면로 587,강동숲속도서관 1층 (상일동),2025-06-02T00:00:00,,,36,1300,1900,900,1800,900,1800,N,,,N,,50000,N,,2500,25,5,120,,N,2025-05-18T08:11:55,2026-02-15T22:36:54
SB250301,성북14호점 우리동네키움센터(장위3동),1001,우리동네키움센터,11290,성북구,1003,초등학생,127.05531,37.61516,2774,서울특별시 성북구 장위로 170,1층 (장위3동주민센터),2025-04-01T00:00:00,,,42,1300,2000,900,1800,900,1800,N,,,N,,50000,N,,2500,23,4,138,,N,2025-03-05T18:55:32,2025-10-30T19:20:20
GS250201,강서8호점 화곡6동 우리동네키움센터,1001,우리동네키움센터,11500,강서구,1003,초등학생,126.85103,37.55106,7659,서울특별시 강서구 화곡로54길 43,"종합보육센터 2층 (화곡동, 강서금호어울림퍼스티어)",2025-03-10T00:00:00,,,38,1300,2000,900,1800,900,1800,N,,,N,,50000,N,,2500,20,4,125,,Y,2025-02-24T17:28:51,2026-04-24T10:57:34
DJ250202,동작18호점 우리동네키움센터(사당꿈),1001,우리동네키움센터,11590,동작구,1003,초등학생,126.97758,37.48838,6999,서울특별시 동작구 동작대로29길 63-26, (사당동),2025-03-10T00:00:00,,,59,1300,1900,900,1800,900,1800,N,,,N,,50000,N,,2500,30,6,196.32,,N,2025-02-17T11:05:17,2026-04-08T11:41:05
DJ250201,동작17호점 우리동네키움센터(흑석꿈),1001,우리동네키움센터,11590,동작구,1003,초등학생,126.95915,37.50993,6909,서울특별시 동작구 흑석로13길 25,3층 (흑석동),2025-02-17T00:00:00,,,59,1300,1900,900,1800,900,1900,N,,,N,,50000,N,,2500,30,6,196.32,,N,2025-02-17T10:24:54,2026-03-03T17:06:24
GS250101,강서9호점 우장산동 우리동네키움센터,1001,우리동네키움센터,11500,강서구,1003,초등학생,126.840060318682,37.5542219481224,7682,서울특별시 강서구 우장산로 24-5,내발산복합복지센터 3층 (내발산동)[*미고시],2025-01-20T00:00:00,,,35,1300,2000,900,1800,900,1800,N,,,N,,50000,N,,2500,20,4,116,,N,2025-01-15T11:29:36,2025-10-16T14:28:49
YC241201,양천구 7호점 우리동네키움센터,1001,우리동네키움센터,11470,양천구,1003,초등학생,126.831343658703,37.5138795927811,8050,서울특별시 양천구 신정이펜1로 50,"314동 1층 (신정동, 신정이펜하우스3단지)",2024-12-23T00:00:00,,,39,1300,2000,900,1900,900,1800,N,,,N,,50000,N,,2500,25,5,129,,Y,2024-12-23T14:36:00,2026-01-02T14:24:30
BP241201,제6호(강서권) 거점형 우리동네키움센터,1008,거점형키움센터,11500,강서구,1003,초등학생,126.83855,37.54534,7697,서울특별시 강서구 화곡로31나길 35,2층 (화곡동),2025-08-05T00:00:00,,,,1300,2000,800,2000,800,2000,Y,1000,1800,,0,,N,,2500,0,18,,11500,N,2024-12-23T13:53:14,2026-02-12T13:44:10
DJ241205,동작16호점 우리동네키움센터(상도꿈),1001,우리동네키움센터,11590,동작구,1003,초등학생,126.950912938354,37.5068872190496,6919,서울특별시 동작구 매봉로 37,3층 (상도1동),2025-01-02T00:00:00,,,22,1200,1900,900,1800,900,1800,N,,,N,,50000,N,,2500,20,4,72,,N,2024-12-18T16:56:23,2026-02-11T17:08:02
JG241201,중구9호점 우리동네키움센터(중구 초등돌봄 교육지원키움센터),1001,우리동네키움센터,11140,중구,1003,초등학생,127.01968,37.5614,4584,서울특별시 중구 다산로38길 85,교육지원센터 1층 (신당동),2024-12-31T00:00:00,,,28,900,2000,800,2000,800,2000,N,,,Y,,,,,,20,4,94,,N,2024-12-18T16:34:44,2026-01-06T09:11:02
SB241201,성북13호점 우리동네키움센터 융합형(보문동),1009,융합형키움센터,11290,성북구,1003,초등학생,127.0167,37.58463,2874,서울특별시 성북구 보문사길 18,"4층, 우리동네키움센터 성북13호점",2024-12-23T00:00:00,,,142,1300,2000,800,2000,900,2000,Y,900,1300,N,,50000,N,,2500,40,8,470,,N,2024-12-16T16:55:01,2025-08-21T14:38:03
SP241201,송파20호점 우리동네키움센터(장지동2호점 송파키움센터),1009,융합형키움센터,11710,송파구,1003,초등학생,127.13311119017,37.4881939226602,5798,서울특별시 송파구 송이로33길 9,3층 (문정동),2024-12-18T00:00:00,,,94.38,700,2000,700,2000,900,2000,Y,900,1300,N,,50000,N,,2500,45,9,312,,Y,2024-12-12T11:50:13,2026-04-30T19:37:06
DM241201,동대문구 8호점 우리동네키움센터,1001,우리동네키움센터,11230,동대문구,1003,초등학생,127.07247,37.57355,2523,서울특별시 동대문구 장한로28가길 11,"101호 (장안동, SM 해그린아파트)",2025-01-06T00:00:00,,,64,1300,1900,900,1800,900,1800,N,,,N,,50000,N,,2500,30,6,212.5,,Y,2024-12-04T15:56:51,2026-02-06T15:13:50
GN240801,강남9호점 우리동네키움센터 (행복자곡다함께키움센터),1001,우리동네키움센터,11680,강남구,1003,초등학생,127.10702,37.47957,6369,서울특별시 강남구 자곡로11길 28,LH수서2단지아파트 208동 1층 (자곡동),2024-09-02T00:00:00,,,66.3,700,1900,700,1800,700,1800,N,,,N,,50000,N,,2500,20,4,218.92,,Y,2024-08-29T14:09:39,2026-04-23T09:26:16
SM240602,서대문구 11호점 우리동네키움센터,1001,우리동네키움센터,11410,서대문구,1003,초등학생,126.95302,37.55907,3769,서울특별시 서대문구 북아현로1가길 6,3층 (북아현동),2024-06-03T00:00:00,,,38,1300,1900,900,1800,900,1800,N,,,N,,50000,N,,2500,32,6,125.55,,N,2024-06-13T16:00:54,2026-03-05T14:50:48
DB240601,도봉구 7호점 우리동네키움센터,1001,우리동네키움센터,11320,도봉구,1003,초등학생,127.028284257567,37.6544429380159,1435,서울특별시 도봉구 시루봉로 42,쌍문동 실내스포츠센터 3층 (쌍문동),2024-07-01T00:00:00,,,90,1300,1900,900,1800,900,1800,N,,,N,,20000,N,,2000,20,4,299,,N,2024-06-04T16:07:02,2025-10-16T11:06:43
NW240401,노원28호점 우리동네키움센터(상계3.4동융합형 아이휴센터),1009,융합형키움센터,11350,노원구,1003,초등학생,127.07684,37.66419,1648,서울특별시 노원구 덕릉로 748,상계구민체육센터 2층 (상계동),2024-12-09T00:00:00,,,64,1200,2000,900,2000,900,2000,Y,900,1300,N,,20000,N,,2500,30,6,211.41,,N,2024-04-24T14:56:25,2026-02-09T13:16:17
YS240402,용산구9호점 우리동네키움센터,1001,우리동네키움센터,11170,용산구,1003,초등학생,126.965178447017,37.5390024777973,4316,서울특별시 용산구 백범로 329,용산꿈나무종합타운 제1별관 2층 (원효로1가),2024-05-13T00:00:00,,,40,800,1900,800,1900,800,1900,N,,,N,,50000,N,,2500,30,6,133,,N,2024-04-15T15:49:45,2026-01-02T07:42:41
DJ240302,동작15호점 우리동네키움센터(신대방2동),1001,우리동네키움센터,11590,동작구,1003,초등학생,126.91647,37.49502,7062,서울특별시 동작구 여의대방로16길 41, (신대방동),2024-04-01T00:00:00,,,60,1300,1900,900,1800,900,1800,N,,,N,,50000,N,,2500,30,6,200.43,,N,2024-03-07T09:35:34,2025-12-05T10:13:18
YC240101,양천구 6호점 우리동네키움센터 (융합형),1009,융합형키움센터,11470,양천구,1003,초등학생,126.857804826648,37.517598802214,8090,서울특별시 양천구 목동서로 400," (신정동, 목동신시가지아파트10단지 주민공동시설 2층 ) 경서 농협 2층",2024-01-31T00:00:00,,,85,1300,2000,800,2000,800,2000,Y,900,1300,N,,50000,N,,2500,35,7,281,,Y,2024-01-04T18:15:40,2026-01-02T11:45:46
GB231201,강북구 7호점 우리동네키움센터(인수동),1001,우리동네키움센터,11305,강북구,1003,초등학생,127.01236788685,37.6376156220467,1023,서울특별시 강북구 인수봉로57길 16,3~4층 (수유동),2023-12-26T00:00:00,,,45,1300,2000,900,2000,900,2000,N,,,N,,50000,N,,2500,25,4,150.2,,N,2023-12-26T07:49:07,2025-12-31T12:05:52
GS231101,강서7호점 화곡3동 우리동네키움센터,1001,우리동네키움센터,11500,강서구,1003,초등학생,126.83597,37.54626,7705,서울특별시 강서구 강서로 231,"2층 (화곡동, 우장산역 해링턴 타워)",2023-12-27T00:00:00,,,34,900,1900,900,1900,900,1900,N,,,N,,50000,N,,2500,25,5,112,,N,2023-11-30T16:15:02,2025-10-16T13:58:25
BP231101,제7호(양천권) 거점형 우리동네키움센터,1008,거점형키움센터,11470,양천구,1003,초등학생,126.883657758722,37.5421783069887,7978,서울특별시 양천구 안양천로 1131,2충 (목동),2023-12-18T00:00:00,,,,1300,2000,800,2000,900,2000,Y,1000,1800,,0,,N,,2500,0,18,,11470,N,2023-11-28T16:36:07,2026-04-02T17:47:24
SB231101,성북12호점 우리동네키움센터(길음1동),1001,우리동네키움센터,11290,성북구,1003,초등학생,127.02202,37.60874,2724,서울특별시 성북구 삼양로9길 14-7,"2~3층 (길음동, 길음소리마을센터)",2023-12-18T00:00:00,,,59,1300,1900,900,1800,900,1800,N,,,N,,50000,N,,2500,30,6,196.1,,N,2023-11-28T13:39:18,2025-12-10T17:27:44
NW231101,노원29호점 우리동네키움센터(공릉태릉우성 아이휴센터),1001,우리동네키움센터,11350,노원구,1003,초등학생,127.085779292382,37.6249066029262,1821,서울특별시 노원구 노원로 29,"1동 105호 (공릉동, 우성아파트)",2023-12-26T00:00:00,,,20.26,1200,2000,900,2000,900,2000,N,,,N,,20000,N,,2500,20,4,66.87,,N,2023-11-22T16:17:43,2026-02-03T20:15:22
SM231101,서대문구10호점우리동네키움센터,1001,우리동네키움센터,11410,서대문구,1003,초등학생,126.91448,37.57696,3690,서울특별시 서대문구 거북골로14길 32,"관리동 2층 (북가좌동, DMC아이파크아파트)",2023-12-11T00:00:00,,,42,1300,1900,900,1800,900,1800,N,,,N,,50000,N,,2500,28,5,142.64,,N,2023-11-16T17:14:13,2024-07-03T08:57:59
SP231101,송파19호점 우리동네키움센터(풍납동송파키움센터),1001,우리동네키움센터,11710,송파구,1003,초등학생,127.117678089331,37.5337043792891,5528,서울특별시 송파구 풍성로20길 3,3층 (풍납동),2023-12-18T00:00:00,,,39,1000,1900,900,1800,900,1800,N,,,N,,50000,N,,2500,25,3,130,,N,2023-11-13T17:25:04,2025-12-26T12:27:49
SD230902,성동13호점 우리동네키움센터(송정동아이꿈누리터),1001,우리동네키움센터,11200,성동구,1003,초등학생,127.068589791553,37.5532857254383,4800,서울특별시 성동구 송정18가길 9,5층 송정동 아이꿈누리터 (송정동 공공복합청사) (송정동),2023-10-04T00:00:00,,,25,1300,1900,900,1800,900,1800,N,,,N,,50000,N,,2500,22,2,85.62,,N,2023-09-25T09:57:18,2024-08-26T11:00:44
GA230702,관악 5호점 우리동네키움센터,1001,우리동네키움센터,11620,관악구,1003,초등학생,126.922,37.46599,8857,서울특별시 관악구 난곡로16길 30-6,2층 (신림동),2023-06-01T00:00:00,,,72.842,900,1900,700,1800,700,2000,N,1000,1600,N,,50000,N,,2500,30,6,240.8,,Y,2023-07-17T10:47:04,2026-01-05T09:47:20
GA230701,관악 4호점 우리동네키움센터,1001,우리동네키움센터,11620,관악구,1003,초등학생,126.94084,37.48588,8750,서울특별시 관악구 은천로10길 3,1층 (봉천동),2023-06-01T00:00:00,,,34.7754,1200,1900,900,1800,900,1800,N,1000,1900,N,,50000,N,,2500,20,4,114.96,,N,2023-07-17T09:49:20,2026-03-06T13:23:59
JR230701,중랑구6호점 묵1동우리동네키움센터,1001,우리동네키움센터,11260,중랑구,1003,초등학생,127.08049,37.61124,2037,서울특별시 중랑구 동일로160길 49,2층 (묵동),2023-07-26T00:00:00,,,35,900,2000,900,1900,900,2000,N,,,N,,50000,N,,2500,24,5,115.8,,N,2023-07-14T23:28:07,2026-04-21T16:27:16
SM230601,서대문구9호점 우리동네키움센터,1001,우리동네키움센터,11410,서대문구,1003,초등학생,126.9473,37.59238,3624,서울특별시 서대문구 세무서길 103,2층(서대문구9호점 우리동네키움센터) (홍제동),2023-07-17T00:00:00,,,47,1300,1900,900,1800,900,1800,N,,,N,,50000,N,,2500,28,5,156,,N,2023-06-26T09:24:49,2024-10-25T10:12:15
GB230501,강북구 8호점 우리동네키움센터(번2동),1001,우리동네키움센터,11305,강북구,1003,초등학생,127.035,37.63472,1137,서울특별시 강북구 한천로 943-1,지상1~2층 (번동),2023-06-01T00:00:00,,,46,1300,2000,900,2000,900,1900,N,,,N,,50000,N,,2500,20,4,153.42,,N,2023-05-01T15:03:07,2026-04-07T16:28:34
JG230201,중구8호점 우리동네키움센터(중구 초등돌봄 서울역자이키움센터),1001,우리동네키움센터,11140,중구,1003,초등학생,126.96446,37.55478,4500,서울특별시 중구 만리재로 175,"110동 P2층 서울역자이센터 (만리동2가, 서울역센트럴자이)",2023-03-02T00:00:00,,,33,1200,2000,800,2000,800,2000,N,,,Y,0,,,0,,22,4,110,,N,2023-02-21T16:32:03,2026-03-13T11:11:29
SM230201,서대문구8호점 우리동네키움센터,1001,우리동네키움센터,11410,서대문구,1003,초등학생,126.95183,37.58021,3731,서울특별시 서대문구 통일로 333,"나, 다동 2층 (서대문구8호점 우리동네키움센터)",2023-03-02T00:00:00,,,56,1300,1900,900,1800,900,1800,N,,,N,,50000,N,,2500,24,4,185,,Y,2023-02-16T17:43:38,2025-12-23T18:15:15
DM230201,동대문구 7호점 우리동네키움센터,1001,우리동네키움센터,11230,동대문구,1003,초등학생,127.051108392983,37.5762437249561,2553,서울특별시 동대문구 사가정로 65,"108동 1층 (전농동, 래미안 크레시티)",2023-03-02T00:00:00,,,63,1300,1900,900,1800,900,1800,N,900,1300,N,,50000,N,,2500,30,6,208,,N,2023-02-06T13:03:34,2026-02-05T17:42:22
MP230102,마포8호점우리동네키움센터 (아현동),1001,우리동네키움센터,11440,마포구,1003,초등학생,126.95369,37.55022,4131,서울특별시 마포구 마포대로 167,공덕 래미안 5차 B블럭 커뮤니티센터 내,2023-03-02T00:00:00,,,57.02,1300,2000,900,1800,900,1800,N,,,N,,50000,N,,2500,22,4,188.5,,N,2023-01-26T08:12:17,2026-01-14T12:49:03
MP230101,마포구9호점 우리동네키움센터(합정동),1001,우리동네키움센터,11440,마포구,1003,초등학생,126.90821,37.55289,4022,서울특별시 마포구 양화로1길 108,1층 (마포9호점 합정동키움센터) (합정동),2023-01-01T00:00:00,,,40.87,1300,1900,900,1800,900,1800,N,,,N,,50000,N,,2500,20,4,135.12,,Y,2023-01-17T14:11:55,2025-01-17T13:32:59
BP230101,제4호(구로?금천권) 거점형 우리동네키움센터,1008,거점형키움센터,11530,구로구,1003,초등학생,126.84286,37.49349,8335,서울특별시 구로구 서해안로 2329, (오류동),2023-04-08T00:00:00,,,,1300,2000,800,2000,1000,2000,Y,1000,1800,,0,,N,,2500,0,18,,1153011545,N,2023-01-16T16:09:18,2025-08-27T11:30:54
YC230101,양천구 5호점 우리동네키움센터 (융합형),1009,융합형키움센터,11470,양천구,1003,초등학생,126.84735,37.52005,8061,서울특별시 양천구 신월로24길 19,신월종합사회복지관 4층 (신월동),2023-01-02T00:00:00,,,96,1300,2000,800,2000,900,2000,Y,900,1300,N,,50000,N,,2500,40,8,318,,N,2023-01-04T15:30:10,2026-04-20T10:28:03
KC230101,금천구 4호점 우리동네키움센터(시흥1동),1001,우리동네키움센터,11545,금천구,1003,초등학생,126.90323,37.44889,8631,서울특별시 금천구 시흥대로 164,2층 201호 (시흥동),2023-01-01T00:00:00,,,40,1000,1900,800,1900,800,1800,N,,,N,,50000,N,,2500,20,4,134,,N,2023-01-02T15:01:43,2025-10-17T15:10:21
GS221201,강서6호점 우리동네키움센터(화곡8동),1001,우리동네키움센터,11500,강서구,1003,초등학생,126.849240549605,37.5299910186119,7781,서울특별시 강서구 강서로5길 50,곰달래문화복지센터 202호 (화곡동),2023-01-02T00:00:00,,,30,1300,1900,900,1800,900,1800,N,,,N,,50000,N,,2500,20,4,99.39,,N,2022-12-12T00:49:53,2026-01-09T00:22:48
DJ221101,동작14호점 우리동네키움센터(상도3동),1001,우리동네키움센터,11590,동작구,1003,초등학생,126.93247,37.50212,6951,서울특별시 동작구 상도로15가길 14,1~2층 (상도동),2022-10-17T00:00:00,,,48,900,1900,900,1800,900,1800,N,,,N,,50000,N,,2500,30,6,159,,N,2022-11-03T12:36:55,2026-04-13T13:22:50
GB221101,강북구 6호점 우리동네키움센터(융합형)(삼각산동),1009,융합형키움센터,11305,강북구,1003,초등학생,127.01751,37.61676,1196,서울특별시 강북구 삼양로19길 102,1층 (미아동),2022-12-01T00:00:00,,,119,700,2200,700,2200,900,2200,Y,900,1300,N,,50000,N,,2500,36,7,395.22,,Y,2022-11-01T15:40:16,2026-01-28T09:43:09
DM221001,동대문구 6호점 우리동네키움센터,1001,우리동네키움센터,11230,동대문구,1003,초등학생,127.03419,37.58402,2476,서울특별시 동대문구 약령시로5길 22,2층 (제기동),2022-11-14T00:00:00,,,23.9,1300,1900,900,1800,900,1800,N,,,N,,50000,N,,2500,20,4,79,,N,2022-10-18T10:01:16,2026-01-08T14:28:33
GR221001,구로19호점 우리동네키움센터(항동융합형),1009,융합형키움센터,11530,구로구,1003,초등학생,126.822758003236,37.4790583557173,8368,서울특별시 구로구 연동로 191-19,항동복합행정센터 내 2층 (항동),2022-10-17T00:00:00,,,71,900,2000,800,2000,900,2000,Y,800,1400,N,,50000,N,,2500,36,7,233.77,,N,2022-10-05T16:23:24,2025-11-06T15:45:38
EP220902,은평12호점 우리동네키움센터,1001,우리동네키움센터,11380,은평구,1003,초등학생,126.93477,37.60276,3382,서울특별시 은평구 통일로 627,3층 은평12호점 우리동네키움센터 (녹번동),2022-09-26T00:00:00,,,55,1300,1900,900,1900,900,1900,N,,,N,,50000,N,,2500,25,5,180.9,,N,2022-09-23T18:10:54,2026-04-24T10:40:00
SP220901,송파18호점 우리동네키움센터(위례동2호점 송파키움센터),1001,우리동네키움센터,11710,송파구,1003,초등학생,127.151138469646,37.4877279920388,5776,서울특별시 송파구 위례북로4길 12,"커뮤니티센터 1층 (거여동, 위례포레샤인 18단지)",2022-10-04T00:00:00,,,29,1000,1900,900,1800,900,1800,N,900,1800,N,,50000,N,,2500,25,5,95,,N,2022-09-23T17:52:59,2026-02-06T15:25:49
EP220901,은평11호점 우리동네키움센터,1001,우리동네키움센터,11380,은평구,1003,초등학생,126.92267,37.61524,3385,서울특별시 은평구 통일로73길 16,2층 (대조동),2022-09-14T00:00:00,,,41,1300,2000,900,1900,900,1900,N,,,N,,50000,N,,2500,25,5,136,,N,2022-09-07T12:46:24,2025-12-26T11:21:29
EP220801,은평10호점 우리동네키움센터,1001,우리동네키움센터,11380,은평구,1003,초등학생,126.92042,37.59988,3454,서울특별시 은평구 은평로 114,3층 (응암동),2022-09-01T00:00:00,,,50,700,1900,700,1800,700,1800,N,,,N,,50000,N,,2500,25,5,165,,Y,2022-08-23T18:42:42,2026-02-05T14:55:21
BP220801,제5호(성북?동대문권) 거점형 우리동네키움센터,1008,거점형키움센터,11290,성북구,1003,초등학생,127.03713,37.59222,2796,서울특별시 성북구 회기로3길 17,2~4층 (종암동),2022-09-13T00:00:00,,,,1300,2000,800,2000,1000,1800,Y,1000,1800,,0,,N,,2500,0,21,,1123011290,N,2022-08-10T11:14:56,2026-04-01T11:45:28
SB220701,성북11호점 우리동네키움센터(삼선동),1001,우리동네키움센터,11290,성북구,1003,초등학생,127.01336,37.58574,2870,서울특별시 성북구 보문로29길 101,3층 (삼선동3가),2022-07-01T00:00:00,,,40,900,1900,800,1900,800,1900,N,,,N,,50000,N,,2500,30,6,132,,N,2022-07-11T12:24:32,2026-04-17T17:42:23
SD220601,성동12호점 우리동네키움센터(융합형 서울숲아이꿈누리터),1009,융합형키움센터,11200,성동구,1003,초등학생,127.0415,37.54907,4767,서울특별시 성동구 왕십리로11길 19,서울숲아이꿈누리터 . 1F (성수동1가),2022-06-27T00:00:00,,,69,1300,2000,800,2000,1300,1400,Y,900,1300,N,,50000,N,,2500,30,0,227.8,,N,2022-06-21T17:33:16,2025-11-12T16:46:08
GR220601,구로18호점 우리동네키움센터(구로신도림),1001,우리동네키움센터,11530,구로구,1003,초등학생,126.88521,37.50959,8207,서울특별시 구로구 경인로65길 44,"보미프라자 1층, 키움센터 구로18호점 (신도림동)",2022-06-20T00:00:00,,,27,1300,1900,900,1800,900,1800,N,,,N,,50000,N,,2500,20,4,90.82,,N,2022-06-13T14:28:46,2025-10-10T09:24:08
DJ220601,동작13호점 융합형 우리동네키움센터(사당동),1009,융합형키움센터,11590,동작구,1003,초등학생,126.97422,37.48183,7011,서울특별시 동작구 사당로20나길 25,1층 (사당동),2022-07-11T00:00:00,,,78,700,2200,700,2200,700,2200,Y,800,1200,N,,50000,N,,2500,30,6,259.56,,Y,2022-06-08T16:52:54,2026-04-02T10:52:59
SP220601,송파17호점 우리동네키움센터(거여2동 송파키움센터),1001,우리동네키움센터,11710,송파구,1003,초등학생,146.303395186543,36.6772280367652,5764,서울특별시 송파구 오금로 551,"관리동 1층 (거여동, e편한세상 송파 파크센트럴)",2022-06-21T00:00:00,,,36,1300,1900,900,1800,900,1800,N,,,N,,50000,N,,2500,25,5,120,,N,2022-06-06T12:15:55,2026-04-16T12:06:55
GA220501,관악3호점 우리동네키움센터,1001,우리동네키움센터,11620,관악구,1003,초등학생,126.95832,37.48667,8733,서울특별시 관악구 청림2길 37,2층 (봉천동),2022-11-01T00:00:00,,,46,1300,1900,900,1900,900,1900,N,,,N,,50000,N,,2500,25,5,152.73,,N,2022-05-26T15:59:07,2026-02-01T11:04:11
JR220502,중랑구5호점 망우본동우리동네키움센터(중랑아동돌봄센터),1001,우리동네키움센터,11260,중랑구,1003,초등학생,127.106199087558,37.6085316003021,2057,서울특별시 중랑구 양원역로 92,"지역편의시설 2 (망우동, LH서울양원1단지)",2022-05-25T00:00:00,,,29,1300,1900,900,1900,900,1900,N,,,N,,50000,N,,2500,22,4,97.46,,Y,2022-05-16T11:25:38,2026-03-06T09:45:48
JR220501,중랑구4호점 면목7동우리동네키움센터(중랑아동돌봄센터),1001,우리동네키움센터,11260,중랑구,1003,초등학생,127.08959,37.58003,2250,서울특별시 중랑구 용마산로51길 42,"202호 (면목동, 유진 뜨레지움)",2022-05-23T00:00:00,,,39,1300,2000,900,2000,900,2000,N,,,N,,50000,N,,2500,28,4,130.45,,N,2022-05-16T10:18:38,2026-01-02T10:06:44
GS220501,강서5호점 우리동네키움센터(공항동),1001,우리동네키움센터,11500,강서구,1003,초등학생,126.822029779833,37.5587884350572,7808,서울특별시 강서구 공항대로 124,"1105동 상가동 1층 (마곡동, 마곡엠밸리11단지)",2022-06-02T00:00:00,,,43,1300,1900,900,1900,900,1900,N,,,N,,50000,N,,2500,20,4,143.3,,N,2022-05-04T14:50:58,2026-02-10T11:48:43
DM220501,동대문구 5호점 우리동네키움센터,1001,우리동네키움센터,11230,동대문구,1003,초등학생,127.06997,37.58718,2511,서울특별시 동대문구 장안벚꽃로 323,2층 (휘경동),2022-05-16T00:00:00,,,53,1300,1900,900,1800,900,1800,N,900,1400,N,,50000,N,,2500,25,5,175,,N,2022-05-02T16:24:27,2026-01-02T16:19:34
YC220403,양천구 4호점 우리동네키움센터,1001,우리동네키움센터,11470,양천구,1003,초등학생,126.863572649803,37.5483621608276,7950,서울특별시 양천구 등촌로 208,목동깨비시장 공유센터 3층 (목동),2022-05-09T00:00:00,,,24,1000,2000,900,1800,900,1900,N,1100,1700,N,,50000,N,,2500,20,4,80.5,,N,2022-04-27T09:42:11,2026-03-19T00:17:01
GN220401,강남8호점 우리동네키움센터(자곡다함께키움센터),1001,우리동네키움센터,11680,강남구,1003,초등학생,127.0945,37.4715,6373,서울특별시 강남구 자곡로 100,자곡문화센터 1층 (자곡동),2022-04-22T00:00:00,,,23.4,1000,1900,900,1800,900,1800,N,800,1200,N,,50000,N,,2500,15,3,77.4,,N,2022-04-13T13:19:42,2025-10-22T17:26:28
GB220401,강북구 3호점 우리동네키움센터(융합형)(삼양동),1009,융합형키움센터,11305,강북구,1003,초등학생,127.014910876368,37.6220104156774,1183,서울특별시 강북구 인수봉로6길 39, (미아동),2022-09-01T00:00:00,,,65,1300,2000,800,2000,800,2000,Y,900,1300,N,,50000,N,,2500,30,6,215.46,,N,2022-04-06T11:05:24,2025-09-18T13:56:50
YF220302,영등포13호점 우리동네키움센터(신길6동 아이랜드),1001,우리동네키움센터,11560,영등포구,1003,초등학생,126.918874117376,37.5014087088553,7392,서울특별시 영등포구 신풍로25길 15-22,"3,4층 (신길동)",2022-04-06T00:00:00,,,37,1100,1900,900,1900,900,1900,N,,,,0,,Y,0,,20,4,122.66,,N,2022-03-23T11:17:26,2026-01-28T15:43:09
GB220301,강북구 4호점 우리동네키움센터(수유1동),1001,우리동네키움센터,11305,강북구,1003,초등학생,127.01408,37.63153,1100,서울특별시 강북구 인수봉로 130-5,지상2층 (수유동),2022-05-09T00:00:00,,,30.4,1300,2000,900,2000,900,2000,N,,,N,,50000,N,,2500,20,4,100.33,,N,2022-03-22T09:51:16,2026-03-03T18:35:22
GD220301,강동7호점 우리동네키움센터(천호2동),1001,우리동네키움센터,11740,강동구,1003,초등학생,127.12883,37.54521,5322,서울특별시 강동구 천중로 61,2층 (천호동),2022-04-26T00:00:00,,,25,1300,1900,900,1800,900,1800,N,,,N,,50000,N,,2500,20,4,84,,N,2022-03-18T10:57:00,2026-04-01T14:57:36
GN220302,강남7호점 우리동네키움센터(누리봄다함께키움센터),1009,융합형키움센터,11680,강남구,1003,초등학생,127.07416,37.49109,6346,서울특별시 강남구 영동대로 22,"일원스포츠문화센터 1층 (일원동, 디에이치 자이 개포)",2022-03-21T00:00:00,,,207.8,1100,2000,800,2000,800,2000,Y,900,1300,N,,50000,N,,2500,49,4,685.79,,N,2022-03-08T18:41:19,2026-04-23T16:05:46
GN220301,강남6호점 우리동네키움센터(논현다함께키움센터),1001,우리동네키움센터,11680,강남구,1003,초등학생,127.0418,37.51158,6103,서울특별시 강남구 봉은사로49길 26,B동 B101호 (논현동),2022-03-18T00:00:00,,,46.7,1000,1900,800,1900,900,1900,N,,,N,,50000,N,,2500,20,4,154.42,,N,2022-03-07T11:45:44,2026-04-23T13:09:41
DJ220201,동작12호점 우리동네키움센터(상도2동),1001,우리동네키움센터,11590,동작구,1003,초등학생,126.945798532629,37.5013199513455,7032,서울특별시 동작구 양녕로 220," (상도동, 상도역 롯데캐슬 파크엘) 상가2층",2022-03-16T00:00:00,,,25,1300,1900,900,1800,900,1800,N,,,N,,50000,N,,2500,20,4,82.88,,N,2022-02-25T13:18:41,2026-03-09T15:18:07
SM220201,서대문구7호점 우리동네키움센터,1001,우리동네키움센터,11410,서대문구,1003,초등학생,126.9194,37.57411,3710,서울특별시 서대문구 모래내로15길 56,2층 서대문구 7호점 우리동네키움센터 (남가좌동),2022-03-02T00:00:00,,,42,1300,1900,900,1800,900,1800,N,,,N,,50000,N,,2500,23,5,138.94,,N,2022-02-21T16:30:49,2025-12-01T16:36:11
GB220201,강북구 5호점 우리동네키움센터(송중동),1001,우리동네키움센터,11305,강북구,1003,초등학생,127.03024,37.62302,1159,서울특별시 강북구 도봉로34길 43-13,지상1~2층 (미아동),2022-03-02T00:00:00,,,48,1300,2000,900,2000,900,1800,N,,,N,,50000,N,,2500,20,4,161,,N,2022-02-07T08:53:35,2026-02-13T20:25:50
SM220102,서대문구6호점 우리동네키움센터,1001,우리동네키움센터,11410,서대문구,1003,초등학생,126.91877,37.5817,3671,서울특별시 서대문구 증가로20나길 2,2층 (북가좌동),2022-02-03T00:00:00,,,47,1300,1900,900,1800,900,1900,N,,,N,,50000,N,,2500,25,5,100,,N,2022-01-21T14:03:51,2025-12-31T10:52:00
SM220101,서대문구5호점 우리동네키움센터(천연동 친구랑),1001,우리동네키움센터,11410,서대문구,1003,초등학생,126.961086049817,37.5695682708422,3744,서울특별시 서대문구 독립문로 28,1-2층 (옥천동),2022-01-24T00:00:00,,,69.8,1300,1900,900,1800,900,1800,N,,,N,,50000,N,,2500,31,6,230.64,,N,2022-01-13T17:27:25,2026-01-30T10:06:24
MP220101,마포구7호점 우리동네키움센터(서강동),1001,우리동네키움센터,11440,마포구,1003,초등학생,126.92769,37.54586,4077,서울특별시 마포구 토정로 149,3층 (상수동),2022-02-18T00:00:00,,,37,1300,1900,900,1800,900,1800,N,,,N,,50000,N,,2500,20,4,125.25,,N,2022-01-12T14:07:15,2026-02-09T13:00:18
DB220102,도봉구 6호점 우리동네키움센터,1001,우리동네키움센터,11320,도봉구,1003,초등학생,127.03917,37.64257,1464,서울특별시 도봉구 덕릉로59아길 42,4층 (창동),2022-02-10T00:00:00,,,30.8,1100,1900,900,1800,900,1800,N,,,N,,20000,N,,2000,20,4,102,,N,2022-01-10T16:47:56,2025-01-02T10:15:05
DB220101,도봉구 5호점 융합형 우리동네키움센터(마을연계),1009,융합형키움센터,11320,도봉구,1003,초등학생,127.03144,37.65078,1442,서울특별시 도봉구 노해로 210,"4층, 3층 일부 (쌍문동)",2022-01-17T00:00:00,,,72.3,800,2000,800,2000,800,2000,Y,900,1300,N,,20000,N,,2000,30,6,239.09,,N,2022-01-03T15:49:21,2026-01-06T09:57:11
DM211201,동대문구 4호점 우리동네키움센터,1001,우리동네키움센터,11230,동대문구,1003,초등학생,127.056002789401,37.5745607997908,2540,서울특별시 동대문구 답십리로 141,"생활지원센터 B1, 우리동네키움센터 (답십리동, 래미안 미드카운티)",2022-01-20T00:00:00,,,47,1300,1900,900,1800,900,1800,N,900,1500,N,,50000,N,,2500,25,5,155,,N,2021-12-28T16:26:12,2026-04-08T16:35:54
JR211201,중랑구3호점 면목4동우리동네키움센터(중랑아동돌봄센터),1001,우리동네키움센터,11260,중랑구,1003,초등학생,127.085856106457,37.5725202670458,2255,서울특별시 중랑구 용마산로 209,"상가1동 1호 (면목동, 쌍용 더 플래티넘 용마산)",2022-01-10T00:00:00,,,27,1000,2000,900,2000,900,2000,N,,,N,,50000,N,,2500,22,4,91.07,,N,2021-12-28T14:33:10,2026-04-01T10:30:57
NW211202,노원27호점 우리동네키움센터(중계청구3차 아이휴센터),1001,우리동네키움센터,11350,노원구,1003,초등학생,127.07571,37.6499,1742,서울특별시 노원구 중계로 233,"101동 104호 (중계동, 청구3차아파트)",2022-01-10T00:00:00,,,25.6,1200,2000,900,2000,900,2000,N,,,N,,20000,N,,2500,26,5,84.77,,N,2021-12-14T12:22:19,2025-10-20T14:55:59
NW211201,노원26호점 우리동네키움센터(중계온마을 아이휴센터),1001,우리동네키움센터,11350,노원구,1003,초등학생,127.075,37.65971,1699,서울특별시 노원구 한글비석로 371,중계온마을센터 가동 1층 (중계동),2022-02-11T00:00:00,,,38,1200,2000,900,2000,900,2000,N,,,N,,20000,N,,2500,30,5,128,,N,2021-12-14T11:42:59,2025-10-15T11:40:34
NW211101,노원25호점 우리동네키움센터(하계어울림융합형 아이휴센터),1009,융합형키움센터,11350,노원구,1003,초등학생,127.07229,37.63601,1809,서울특별시 노원구 공릉로62길 18,하계어울림센터 3층 (하계동),2021-12-06T00:00:00,,,110,900,2000,900,2000,900,2000,Y,900,1300,N,,20000,N,,2500,40,8,365.68,,N,2021-11-22T15:32:08,2026-03-11T16:42:15
GJ211101,광진10호점 우리동네키움센터,1001,우리동네키움센터,11215,광진구,1003,초등학생,127.08540416159,37.5649140298851,4933,서울특별시 광진구 능동로 400,보건복지행정타운 별관 3층(엘리베이터 12호기 이용),2021-11-15T00:00:00,,,28,1000,2000,900,1800,1000,1800,N,,,N,,50000,,0,,20,4,98.7,,N,2021-11-16T14:07:38,2025-10-17T09:24:05
DJ211101,동작11호점 우리동네키움센터(상도4동),1001,우리동네키움센터,11590,동작구,1003,초등학생,126.93779,37.50061,6961,서울특별시 동작구 성대로29길 53,3층 (상도동),2021-11-01T00:00:00,,,51,1300,1900,900,1800,900,1800,N,,,N,,50000,N,,2500,30,6,169,,N,2021-11-01T19:05:46,2025-10-15T17:32:45
BP211001,제3호(종로?서대문권) 거점형 우리동네키움센터,1008,거점형키움센터,11110,종로구,1003,초등학생,126.96113,37.57214,3165,서울특별시 종로구 사직로 8,2~6층 (교북동),2021-10-27T00:00:00,,,,1300,2000,800,2000,800,2000,Y,1000,1800,,0,,N,,2500,0,23,,1141011110,N,2021-10-28T15:56:34,2026-04-22T14:23:01
YF211001,영등포12호점 우리동네키움센터(신길7동 아이랜드),1001,우리동네키움센터,11560,영등포구,1003,초등학생,126.92156,37.50601,7360,서울특별시 영등포구 여의대방로43길 7-5,1층 (신길동),2021-10-25T00:00:00,,,26,1100,1900,900,1900,900,1900,N,,,,0,,Y,,,20,4,85,,N,2021-10-21T15:08:57,2025-09-11T12:03:27
KC211001,금천구 2호점 우리동네키움센터(시흥2동),1001,우리동네키움센터,11545,금천구,1003,초등학생,126.914660845533,37.4503111018603,8656,서울특별시 금천구 금하로 763,벽산중심상가동 302호 (시흥동),2021-09-14T00:00:00,,,31,1000,1900,900,1900,900,1900,N,,,N,,50000,N,,2500,20,4,103.28,,N,2021-10-12T19:34:00,2026-01-02T14:34:39
SC211002,서초5호점 우리동네키움센터(서초구립 방배동 초등키움센터),1001,우리동네키움센터,11650,서초구,1003,초등학생,126.99406,37.48536,6672,서울특별시 서초구 서초대로24길 48,2층 (방배동),2021-11-12T00:00:00,,,33,1300,1900,900,1800,900,1800,N,,,Y,0,,Y,0,,20,4,112,,N,2021-10-07T11:45:15,2026-02-26T14:44:07
SP211001,송파16호점 우리동네키움센터(문정1동 송파키움센터),1001,우리동네키움센터,11710,송파구,1003,초등학생,127.12788,37.49014,5796,서울특별시 송파구 송이로 198-1,2층 (문정동),2021-10-01T00:00:00,,,42.35,1300,1900,900,1900,900,1900,N,,,N,,50000,N,,2500,30,6,168.36,,N,2021-10-05T17:10:43,2025-10-20T14:26:16
GD211001,강동6호점 아이플러스키움센터(융합형),1009,융합형키움센터,11740,강동구,1003,초등학생,127.12715,37.54822,5318,서울특별시 강동구 올림픽로 752,3층 (천호동),2021-11-01T00:00:00,,,100,900,2000,800,2000,900,2000,Y,900,1300,N,,50000,N,,2500,40,8,346,,N,2021-10-05T16:57:00,2026-03-17T14:35:18
SC211001,서초6호점 우리동네키움센터 (서초구립 서초동 초등키움센터),1001,우리동네키움센터,11650,서초구,1003,초등학생,127.01087,37.48195,6710,서울특별시 서초구 반포대로5길 14,신영빌딩 2층 (서초동),2021-11-30T00:00:00,,,30,1300,1900,900,1800,900,1800,N,,,Y,0,,,0,,20,4,100,,N,2021-10-05T13:13:48,2025-10-15T17:54:04
SB210903,성북7호점 우리동네키움센터(길음1동),1001,우리동네키움센터,11290,성북구,1003,초등학생,127.02002,37.61163,2723,서울특별시 성북구 길음로 118,"e편한세상 404동 101호 (길음동, 길음뉴타운)",2021-10-01T00:00:00,,,35,1000,1900,900,1800,1000,1900,N,,,N,,50000,N,,2500,20,4,87,,N,2021-09-24T16:48:21,2026-03-25T09:33:39
SC210901,서초4호점 우리동네키움센터 (서초구립 반포동 초등키움센터),1001,우리동네키움센터,11650,서초구,1003,초등학생,127.01101,37.50997,6522,서울특별시 서초구 신반포로33길 22,반포종합사회복지관 2층 (잠원동),2021-11-12T00:00:00,,,40.535,1300,1900,900,1800,900,1800,N,,,Y,,,Y,,,25,5,134,,N,2021-09-23T17:47:36,2026-02-06T17:49:32
SB210902,성북6호점 우리동네키움센터(돈암2동),1001,우리동네키움센터,11290,성북구,1003,초등학생,127.013163006428,37.6002338902528,2826,서울특별시 성북구 아리랑로 89,"우리동네키움센터 성북6호점 (돈암동, 일신건영휴먼빌아파트)",2021-10-01T00:00:00,,,46.3,1000,2000,900,1800,900,1800,N,,,N,,50000,N,,2500,30,6,152.79,,N,2021-09-13T14:19:39,2025-10-24T11:35:24
MP210901,마포구6호점 우리동네키움센터(염리동),1001,우리동네키움센터,11440,마포구,1003,초등학생,126.948705174888,37.5546923155596,4123,서울특별시 마포구 대흥로24길 50,1층 (염리동),2021-10-18T00:00:00,,,63,1000,1900,900,1800,900,1900,N,,,N,,50000,N,,2500,24,4,208.37,,N,2021-09-03T12:59:24,2026-01-30T14:51:50
GR210801,구로17호점 우리동네키움센터(오정),1001,우리동네키움센터,11530,구로구,1003,초등학생,126.829847342357,37.488963176,8358,서울특별시 구로구 오리로13가길 30,"1층 (오류동, 동보아파트 상가)",2021-09-01T00:00:00,,,20,1300,1900,900,1800,900,1800,N,,,N,,50000,N,,2500,20,4,90.4,,N,2021-08-24T15:38:12,2026-01-05T17:50:33
SB210805,성북10호점 우리동네키움센터 (종암동),1001,우리동네키움센터,11290,성북구,1003,초등학생,127.03147,37.60009,2803,서울특별시 성북구 종암로25길 29,2층 (종암동),2021-09-01T00:00:00,,,51,1300,1900,900,1900,900,1900,N,,,N,,50000,N,,2500,30,6,168.7,,N,2021-08-13T10:08:09,2023-12-26T16:36:29
YF210801,영등포11호점 우리동네키움센터(영등포동 아이랜드),1001,우리동네키움센터,11560,영등포구,1003,초등학생,126.91387001151,37.5238393433397,7247,서울특별시 영등포구 버드나루로7길 16,2층 (영등포동7가),2021-09-01T00:00:00,,,40,1300,1900,900,1900,900,1900,N,,,,0,,Y,0,,25,5,132,,N,2021-08-12T20:18:24,2026-03-24T17:32:03
SB210803,성북5호점 우리동네키움센터(정릉2동),1001,우리동네키움센터,11290,성북구,1003,초등학생,127.00792,37.6007,2821,서울특별시 성북구 아리랑로19다길 12,성북5호점 우리동네키움센터 (정릉동),2021-09-01T00:00:00,,,58,900,1900,800,1900,900,1900,N,700,1900,N,,50000,N,,2500,30,6,194.22,,N,2021-08-11T10:53:16,2026-02-09T15:25:39
SB210801,성북3호점 우리동네키움센터(동선동),1001,우리동네키움센터,11290,성북구,1003,초등학생,127.01562,37.59531,2830,서울특별시 성북구 아리랑로 27-3,"2층, 3층 (동소문동6가)",2021-09-01T00:00:00,,,45,1000,2000,800,1900,1000,1900,N,,,N,,50000,N,,2500,30,6,149,,N,2021-08-10T17:15:48,2026-04-14T10:53:10
GD210701,강동5호점 고덕2동 우리동네키움센터,1001,우리동네키움센터,11740,강동구,1003,초등학생,127.16246,37.56053,5220,서울특별시 강동구 동남로82길 97,3층 (고덕동),2021-08-02T00:00:00,,,50,1000,1900,900,1800,900,1800,N,,,N,,50000,N,,2500,25,5,175,,N,2021-07-29T17:11:04,2025-10-23T10:01:19
JG210701,중구7호점 우리동네키움센터(중구 초등돌봄 동화키움센터),1001,우리동네키움센터,11140,중구,1003,초등학생,127.01497,37.56077,4586,서울특별시 중구 청구로6길 20,효종빌딩 2층 (신당동),2021-07-16T00:00:00,,,20,1100,2000,800,2000,800,2000,N,,,Y,,,Y,0,,20,4,66,,N,2021-07-21T10:49:30,2025-10-16T09:21:22
YF210702,영등포10호점 우리동네키움센터(신길5동 아이랜드),1001,우리동네키움센터,11560,영등포구,1003,초등학생,126.90895,37.50381,7397,서울특별시 영등포구 신길로29길 5,2층 (신길동),2021-07-12T00:00:00,,,25,900,1900,900,1900,900,1900,N,,,,0,,Y,0,,20,4,84,,N,2021-07-11T16:58:03,2025-01-02T09:14:19
YF210701,영등포9호점 우리동네키움센터(대림3동 아이랜드),1001,우리동네키움센터,11560,영등포구,1003,초등학생,126.8952,37.50072,7377,서울특별시 영등포구 대림로41길 18,2층 (대림동),2021-07-12T00:00:00,,,23,900,1900,900,1900,900,1900,N,,,,0,,Y,0,,20,4,78,,N,2021-07-11T16:54:45,2026-01-02T10:31:58
GJ210601,광진9호점 우리동네키움센터,1001,우리동네키움센터,11215,광진구,1003,초등학생,127.0929,37.5479,4981,서울특별시 광진구 천호대로 716,"별관 1호 (구의동, 아차산 포레안)",2021-07-01T00:00:00,,,21.3,1300,2000,900,1800,900,1800,N,,,N,,50000,N,,2500,16,1,70.56,,N,2021-06-22T13:18:51,2025-06-18T11:23:41
MP210603,마포5호점 우리동네키움센터(아현동),1001,우리동네키움센터,11440,마포구,1003,초등학생,126.9498,37.54519,4147,서울특별시 마포구 백범로31길 8,"공덕sk리더스뷰 (공덕동, 공덕SK리더스뷰) 201동 3층(동아냉면 옆)",2021-06-28T00:00:00,,,73,1300,1900,800,1900,900,1900,N,,,N,,50000,N,,2500,30,6,243.67,,N,2021-06-15T18:26:35,2025-02-03T19:09:03
EP210601,은평9호점 우리동네키움센터,1001,우리동네키움센터,11380,은평구,1003,초등학생,126.90744,37.59634,3440,서울특별시 은평구 가좌로11길 7,2층 (신사동),2021-07-19T00:00:00,,,24,1300,1900,900,1800,900,1800,N,,,N,,50000,N,,2500,20,4,78.46,,N,2021-06-09T16:11:36,2025-09-03T15:57:05
MP210601,마포4호점 융합형 우리동네키움센터(공덕동),1009,융합형키움센터,11440,마포구,1003,초등학생,126.95994,37.54879,4185,서울특별시 마포구 만리재로 96,"2~3층 (공덕동, 공덕헤리지움)",2021-06-28T00:00:00,,,86.83,1200,2000,800,2000,800,2000,Y,900,1400,N,,50000,N,,2500,32,6,332.74,,N,2021-06-03T17:22:50,2025-10-16T14:42:42
JN210401,종로구5호점 우리동네키움센터,1001,우리동네키움센터,11110,종로구,1003,초등학생,126.96005,37.57583,3024,서울특별시 종로구 통일로18길 34,"203동 지하 2층 (무악동, 인왕산2차아이파크아파트)",2021-05-31T00:00:00,,,37.1,900,1900,900,1900,900,1900,N,,,N,,50000,N,,2500,20,4,122.69,,N,2021-04-27T15:51:02,2026-03-09T13:41:30
GR210401,구로16호점 우리동네키움센터(궁동),1001,우리동네키움센터,11530,구로구,1003,초등학생,126.82963,37.49903,8249,서울특별시 구로구 오리로22길 5,1층 (궁동),2021-05-01T00:00:00,,,21,1000,1900,900,1900,900,1900,N,,,N,,50000,N,,2500,20,4,70.56,,N,2021-04-26T10:07:17,2025-10-15T18:13:30
GD210402,강동4호점 성내1동 우리동네키움센터,1001,우리동네키움센터,11740,강동구,1003,초등학생,127.125067829817,37.5264197350612,5400,서울특별시 강동구 성내로6다길 55,"109동 2층 201호 (성내동, 서도휴빌)",2021-05-10T00:00:00,,,26,1000,1900,900,1800,900,1900,N,,,N,,50000,N,,2500,20,4,88.95,,N,2021-04-16T11:13:00,2026-02-24T15:19:24
GR210311,구로15호점 융합형 우리동네키움센터(개봉동),1009,융합형키움센터,11530,구로구,1003,초등학생,126.85782,37.4909,8332,서울특별시 구로구 개봉로18길 35,2~3층 (개봉동),2021-04-01T00:00:00,,,91,800,2000,800,2000,800,2000,Y,800,1400,N,,50000,N,,2500,30,6,302,,Y,2021-03-23T18:35:29,2025-12-15T18:39:08
GR210310,구로14호점 우리동네키움센터(구로3동),1001,우리동네키움센터,11530,구로구,1003,초등학생,126.89085,37.48683,8375,서울특별시 구로구 디지털로31길 93,구로종합사회복지관 2층 (구로동),2021-04-01T00:00:00,,,29,1000,1900,900,1800,900,1800,N,,,N,,50000,N,,2500,25,4,96.48,,N,2021-03-23T16:31:10,2026-02-20T16:41:04
DJ210301,동작10호점 융합형 우리동네키움센터(대방동),1009,융합형키움센터,11590,동작구,1003,초등학생,126.92518,37.4996,7055,서울특별시 동작구 상도로 42,2층 (대방동),2021-05-03T00:00:00,,,69,800,2000,800,2000,800,2000,Y,800,1200,N,,50000,N,,2500,35,7,230.85,,N,2021-03-17T11:01:14,2026-03-03T14:04:09
GJ210301,광진8호점 우리동네키움센터,1001,우리동네키움센터,11215,광진구,1003,초등학생,127.08463,37.5428,5038,서울특별시 광진구 자양로 170,2층 (구의동),2021-04-01T00:00:00,,,45.6,1300,1900,900,1800,900,1800,N,,,N,,50000,N,,2500,26,4,151,,N,2021-03-15T14:21:57,2026-02-04T12:32:39
GS210302,강서4호점 우리동네키움센터(방화2동),1001,우리동네키움센터,11500,강서구,1003,초등학생,126.807638560129,37.5714189365207,7602,서울특별시 강서구 양천로10길 38,"106동 105호 (방화동, 신마곡벽산블루밍)",2021-03-10T00:00:00,,,80,900,1900,900,1800,900,1900,N,,,N,,50000,N,,2500,25,5,267,,N,2021-03-08T11:57:36,2026-01-02T13:26:06
GS210301,강서3호점 우리동네키움센터(화곡본동),1001,우리동네키움센터,11500,강서구,1003,초등학생,126.84605,37.54109,7722,서울특별시 강서구 까치산로6길 49,1층 (화곡동),2021-03-09T00:00:00,,,40,900,1900,900,1900,900,1900,N,,,N,,50000,N,,2500,20,4,132,,N,2021-03-05T11:07:20,2025-10-16T18:19:52
GA210202,관악1호점 우리동네키움센터,1001,우리동네키움센터,11620,관악구,1003,초등학생,126.94171,37.47612,8829,서울특별시 관악구 참숯5길 38,1층 우리동네키움센터 관악1호점 (신림동),2021-03-08T00:00:00,,,31,1300,1900,900,1900,900,1900,N,,,N,,50000,N,,2500,20,4,102.85,,N,2021-02-23T19:32:07,2025-12-23T15:47:47
GA210201,관악2호점 우리동네키움센터,1001,우리동네키움센터,11620,관악구,1003,초등학생,126.92871,37.47852,8843,서울특별시 관악구 문성로32길 18,3층 (신림동),2021-03-08T00:00:00,,,28.15,1300,2000,900,1800,900,1800,N,,,N,,50000,N,,2500,20,4,93.085,,N,2021-02-23T15:48:06,2024-09-02T11:28:51
SB210203,성북9호점 우리동네키움센터(정릉4동) *서울형 아침돌봄 선정 센터,1001,우리동네키움센터,11290,성북구,1003,초등학생,127.00981,37.6101,2717,서울특별시 성북구 보국문로16길 2,2층 (정릉동),2021-03-02T00:00:00,,,30,700,2000,700,1900,900,1900,N,,,N,,50000,N,,2500,23,5,90,,Y,2021-02-18T18:34:54,2025-05-01T09:00:26
SB210202,성북4호점 우리동네키움센터(장위2동),1001,우리동네키움센터,11290,성북구,1003,초등학생,127.05296,37.61141,2770,서울특별시 성북구 장위로40다길 10,성북4호점 우리동네키움센터 (장위동),2021-03-02T00:00:00,,,37,900,1900,900,1800,900,1800,N,,,N,,50000,N,,2500,30,6,124,,N,2021-02-18T17:22:39,2025-10-17T13:28:38
EP210206,은평7호점 우리동네키움센터,1001,우리동네키움센터,11380,은평구,1003,초등학생,126.90834,37.61331,3426,서울특별시 은평구 서오릉로17길 19-1,1층 (구산동),2021-03-08T00:00:00,,,39,1000,1900,900,1800,900,1800,N,,,N,,50000,N,,2500,30,6,131.32,,N,2021-02-16T20:04:13,2026-01-16T18:36:11
EP210205,은평8호점 융합형 우리동네키움센터(불광)*서울형 아침돌봄 운영센터,1009,융합형키움센터,11380,은평구,1003,초등학생,126.92796,37.62303,3347,서울특별시 은평구 연서로40길 2,"1층, 2층 (불광동)",2021-03-15T00:00:00,,,71.23,1300,2000,800,2000,900,2000,Y,800,1200,N,,50000,N,,2500,40,8,235.48,,Y,2021-02-16T17:30:15,2026-04-30T17:46:25
EP210204,은평5호점 우리동네키움센터,1001,우리동네키움센터,11380,은평구,1003,초등학생,126.92943,37.6466,3304,서울특별시 은평구 진관4로 78-7,"604동 1층 (진관동, 은평뉴타운상림마을) ",2021-03-08T00:00:00,,,33,1300,2000,900,1800,900,1800,N,,,N,,50000,N,,2500,20,4,106.31,,N,2021-02-16T15:32:03,2026-01-21T10:19:48
SB210201,성북8호점 우리동네키움센터(길음2동),1001,우리동네키움센터,11290,성북구,1003,초등학생,127.027588760796,37.6103863890739,2727,서울특별시 성북구 숭인로 50,"114동 1층 주민공동시설 (길음동, 래미안길음센터피스)",2021-03-02T00:00:00,,,32.2,900,2000,900,2000,900,2000,N,,,N,,50000,N,,2500,26,5,106.5,,N,2021-02-09T23:58:28,2025-11-07T13:14:05
SM210201,서대문4호점 우리동네키움센터(홍은2동),1001,우리동네키움센터,11410,서대문구,1003,초등학생,126.934278553348,37.5801556606994,3658,서울특별시 서대문구 모래내로 334,4층(서대문구청 4별관) (홍은동),2021-02-22T00:00:00,,,42.6,1200,1900,900,1800,900,1800,N,,,N,,50000,N,,2500,25,5,140.63,,Y,2021-02-09T17:45:41,2025-12-08T08:47:26
EP210203,은평6호점 우리동네키움센터,1001,우리동네키움센터,11380,은평구,1003,초등학생,126.927955619072,37.6060280788104,3377,서울특별시 은평구 녹번로7길 36,은평6호점우리동네키움센터 (녹번동) 지하1층,2021-03-08T00:00:00,,,23,1000,2000,900,1900,900,1800,Y,,,N,,50000,N,,2500,20,4,73,,N,2021-02-05T14:59:55,2025-09-13T09:09:50
DJ210206,동작9호점 우리동네키움센터(대방동),1001,우리동네키움센터,11590,동작구,1003,초등학생,126.928095010526,37.5110178655792,6941,서울특별시 동작구 알마타길 28,1층 (대방동),2021-02-22T00:00:00,,,24,1200,1900,900,1900,900,1900,N,,,N,,50000,N,,2500,20,4,79.54,,N,2021-02-04T14:52:13,2025-12-31T19:00:41
DJ210205,동작8호점 우리동네키움센터(사당3동),1001,우리동네키움센터,11590,동작구,1003,초등학생,126.976588182761,37.4838664837857,7005,서울특별시 동작구 사당로 261,1층 (사당동),2021-02-22T00:00:00,,,25,900,1900,900,1900,900,1900,N,,,N,,50000,N,,2500,20,4,85.48,,N,2021-02-04T14:44:09,2026-01-02T11:21:28
DJ210204,동작7호점 우리동네키움센터(사당2동),1001,우리동네키움센터,11590,동작구,1003,초등학생,126.981754000588,37.4893087805502,6997,서울특별시 동작구 동작대로29가길 30,2층 (사당동),2021-02-22T00:00:00,,,25,1300,1900,900,1800,900,1900,N,,,N,,50000,N,,2500,20,4,85.37,,N,2021-02-04T14:38:17,2026-04-24T15:41:45
DJ210203,동작6호점 우리동네키움센터(신상도),1001,우리동네키움센터,11590,동작구,1003,초등학생,126.941584224401,37.5001534833015,7047,서울특별시 동작구 양녕로29길 50,1~2층 (상도동),2021-02-22T00:00:00,,,45,1300,1900,900,1900,900,1900,N,,,N,,50000,N,,2500,30,6,149.75,,N,2021-02-04T14:31:42,2026-02-06T09:26:47
DJ210202,동작5호점 우리동네키움센터(상도1동),1001,우리동네키움센터,11590,동작구,1003,초등학생,126.953537003538,37.5008788860097,6971,서울특별시 동작구 상도로53길 41,2층 (상도동),2021-02-22T00:00:00,,,33,900,1900,900,1900,900,1900,N,,,N,,50000,N,,2500,25,5,111.72,,N,2021-02-04T14:25:20,2025-11-03T14:59:43
DJ210201,동작4호점 우리동네키움센터(노량진1동),1001,우리동네키움센터,11590,동작구,1003,초등학생,126.940411674816,37.5103324533455,6924,서울특별시 동작구 장승배기로 142-1,2층 (노량진동),2021-02-22T00:00:00,,,42,1300,1900,900,1900,900,1900,N,900,1800,N,,50000,N,,2500,30,6,139.68,,N,2021-02-04T14:16:20,2026-01-05T18:01:23
SD210101,성동11호점 우리동네키움센터(신금호아이꿈누리터),1001,우리동네키움센터,11200,성동구,1003,초등학생,127.02076,37.55448,4727,서울특별시 성동구 행당로 6,103호 (금호동1가),2021-01-27T00:00:00,,,28,1300,1900,900,1800,900,1800,N,,,N,,50000,N,,2500,20,4,90.75,,N,2021-01-27T13:48:16,2026-01-02T13:06:25
YC210101,양천구 3호점 우리동네키움센터,1001,우리동네키움센터,11470,양천구,1003,초등학생,126.8457,37.51793,8069,서울특별시 양천구 남부순환로83길 54,양천구3호점 우리동네키움센터 (신월동),2021-01-25T00:00:00,,,44.74,1100,2000,900,1800,900,1800,N,1000,1700,N,,50000,N,,2500,25,5,147.65,,N,2021-01-25T11:54:20,2026-03-05T10:56:08
YS210101,용산구7호점 우리동네키움센터 ,1001,우리동네키움센터,11170,용산구,1003,초등학생,126.99465,37.52047,4398,서울특별시 용산구 서빙고로 279,"서빙고동주민센터, 4층 (서빙고동)",2021-01-29T00:00:00,,,40,800,1900,800,1900,800,1900,N,,,N,,50000,N,,2500,30,6,132,,N,2021-01-22T10:11:45,2026-04-21T09:27:09
KC210101,금천구 3호점 우리동네키움센터(시흥1동),1001,우리동네키움센터,11545,금천구,1003,초등학생,126.90083,37.44666,8637,서울특별시 금천구 시흥대로39길 46,상가 3층 (시흥동),2021-01-20T00:00:00,,,38,1000,1900,900,1800,900,1800,N,,,N,,50000,N,,2500,20,4,125,,N,2021-01-20T11:31:36,2026-01-05T09:01:06
SP210101,송파15호점 우리동네키키움센터(잠실본동2호점 송파키움센터),1009,융합형키움센터,11710,송파구,1003,초등학생,127.08268,37.50612,5569,서울특별시 송파구 백제고분로 139,극동빌딩 B동 2층 (잠실동),2021-01-18T00:00:00,,,63.5,1200,2000,800,2000,900,2000,Y,900,1300,N,,50000,N,,2500,45,9,210,,N,2021-01-16T14:43:32,2026-03-06T13:25:12
SM210101,서대문3호점 우리동네키움센터 융합형(홍제3동 우리동네키움센터),1009,융합형키움센터,11410,서대문구,1003,초등학생,126.94693,37.59692,3619,서울특별시 서대문구 간호대로 35-12, (홍제동),2021-01-25T00:00:00,,,85,1200,2000,800,2000,800,2000,Y,900,1300,N,,50000,N,,2500,40,8,283.18,,N,2021-01-10T14:08:14,2026-04-16T13:55:36
NW210101,노원24호점 우리동네키움센터(공릉비선 아이휴센터),1001,우리동네키움센터,11350,노원구,1003,초등학생,127.08685271452,37.6253201737258,1799,서울특별시 노원구 화랑로51길 78,"504동 105호 (공릉동, 비선아파트)",2021-02-15T00:00:00,,,23,1200,2000,900,2000,900,2000,N,,,N,,20000,N,,2500,23,4,77.9,,N,2021-01-07T16:38:31,2026-03-25T13:12:42
JG210101,중구6호점 우리동네키움센터(중구형 초등돌봄 다산키움센터),1001,우리동네키움센터,11140,중구,1003,초등학생,127.00954,37.55436,4598,서울특별시 중구 동호로11길 22,신당종합복지관 5층 (신당동),2021-01-04T00:00:00,,,23,1300,2000,800,2000,800,2000,N,,,Y,0,,,0,,20,4,78,,N,2021-01-04T14:00:16,2026-02-13T14:31:22
YF210102,영등포8호점 우리동네키움센터(신길1동 아이랜드),1001,우리동네키움센터,11560,영등포구,1003,초등학생,126.9156,37.51009,7348,서울특별시 영등포구 도신로54길 15-12,1층 (신길동),2021-01-11T00:00:00,,,23,900,1900,900,1800,900,1900,N,,,,0,,Y,,,20,4,77,,N,2021-01-02T15:06:34,2024-12-16T09:50:51
YF210101,영등포7호점 우리동네키움센터(당산2동 아이랜드),1001,우리동네키움센터,11560,영등포구,1003,초등학생,126.90026,37.52864,7220,서울특별시 영등포구 국회대로37길 19,중앙빌딩 3층 (당산동4가),2021-01-11T00:00:00,,,35,900,1900,800,1900,900,1900,N,,,,0,,Y,0,,25,5,115,,N,2021-01-02T15:00:55,2026-02-10T11:26:16
YC201201,양천구 2호점 우리동네키움센터 (융합형),1009,융합형키움센터,11470,양천구,1003,초등학생,126.8703,37.54324,7974,서울특별시 양천구 목동중앙본로 86,2층 (목동),2021-01-11T00:00:00,,,72,1000,2000,800,2000,800,2000,Y,900,1300,N,,50000,N,,2500,35,7,239,,N,2020-12-29T16:14:47,2026-04-01T12:58:49
JN201203,종로3호점 해아전 우리동네키움센터(혜화동),1001,우리동네키움센터,11110,종로구,1003,초등학생,127.00065,37.586,3075,서울특별시 종로구 혜화로 3,1층~3층 (혜화동),2021-01-20T00:00:00,,,50.5,1300,1900,900,1800,900,1800,N,,,N,,50000,N,,2500,20,4,167,,Y,2020-12-24T18:25:48,2026-03-27T09:04:18
JR201201,중랑2호점 우리동네키움센터(중랑아동돌봄센터),1001,우리동네키움센터,11260,중랑구,1003,초등학생,127.08423,37.61948,2021,서울특별시 중랑구 신내로25가길 2,3층 303호 (묵동),2021-02-01T00:00:00,,,26,1300,1900,900,1900,900,1900,N,,,N,,50000,N,,2500,26,0,87.36,,N,2020-12-24T10:24:42,2026-03-09T12:32:44
GD201202,강동3호점 강일동 우리동네키움센터(융합형),1009,융합형키움센터,11740,강동구,1003,초등학생,127.17408,37.56464,5211,서울특별시 강동구 아리수로 421,2층 (강일동),2020-12-28T00:00:00,,,88,900,2000,800,2000,800,2000,Y,900,1300,N,,50000,N,,2500,35,7,290.9,,Y,2020-12-23T12:30:50,2026-01-09T16:56:15
GD201201,강동2호점 명일2동 우리동네키움센터,1001,우리동네키움센터,11740,강동구,1003,초등학생,127.154652441257,37.5487513564302,5271,서울특별시 강동구 동남로67길 21,2층 (명일동),2020-12-28T00:00:00,,,21,1300,1900,900,1800,900,1800,N,,,N,,50000,N,,2500,20,4,83.6,,N,2020-12-23T12:03:35,2025-12-08T12:45:15
YS201201,용산구8호점 우리동네키움센터,1001,우리동네키움센터,11170,용산구,1003,초등학생,126.98858,37.53605,4345,서울특별시 용산구 녹사평대로40나길 37,지하1층 (이태원동),2020-12-28T00:00:00,,,24,800,1900,800,1800,800,1800,N,,,N,,50000,,0,,20,4,78.79,,N,2020-12-18T14:48:23,2025-04-29T15:05:28
SB201201,성북2호점 우리동네키움센터 융합형(석관동),1009,융합형키움센터,11290,성북구,1003,초등학생,127.054643433754,37.6089604713994,2790,서울특별시 성북구 화랑로 214,"래미안석관 내 키움센터 (석관동, 래미안석관) / 구. 석관동 청소년공부방",2020-12-21T00:00:00,,,81.4,800,2000,800,2000,800,2000,Y,1200,1600,N,,50000,N,,2500,35,7,269,,N,2020-12-17T14:51:49,2026-01-13T14:39:31
DM201201,동대문구 3호점 우리동네키움센터,1001,우리동네키움센터,11230,동대문구,1003,초등학생,127.06115703163,37.5811239713146,2508,서울특별시 동대문구 전농로16길 51,"108동 주민공동시설 1층 (전농동, 래미안아름숲)",2020-12-21T00:00:00,,,35.6,1300,1900,900,1800,900,1800,N,,,N,,50000,N,,2500,20,4,117.64,,N,2020-12-14T17:05:44,2026-04-03T17:11:26
KC201201,금천구 1호점 우리동네키움센터(독산1동)*서울형 아침돌봄 선정센터*,1001,우리동네키움센터,11545,금천구,1003,초등학생,126.89474,37.45858,8608,서울특별시 금천구 벚꽃로 30,"2차 상가 314호 (독산동, 금천 롯데캐슬 골드파크 2차)",2020-12-01T00:00:00,,,24,700,1900,700,1900,700,1900,N,,,N,,50000,N,,2500,20,4,79.56,,Y,2020-12-14T14:02:12,2026-02-12T16:26:42
SP201207,송파14호점 우리동네키움센터(장지동 송파키움센터),1001,우리동네키움센터,11710,송파구,1003,초등학생,127.12672,37.48198,5810,서울특별시 송파구 새말로8길 9,2층 201호,2020-12-07T00:00:00,,,30,900,2000,700,2000,800,2000,N,,,N,,50000,N,,2500,30,6,99,,N,2020-12-08T14:36:43,2025-10-17T18:44:02
SP201206,송파13호점 우리동네키움센터(송파2동 송파키움센터),1001,우리동네키움센터,11710,송파구,1003,초등학생,127.11558,37.50196,5674,서울특별시 송파구 송이로10길 12,2층 (송파동),2020-12-15T00:00:00,,,24.8,1300,1900,900,1800,900,1800,N,,,N,,50000,N,,2500,20,4,82,,N,2020-12-08T14:27:19,2025-10-20T18:59:11
SP201205,송파12호점 우리동네키움센터(방이1동 송파키움센터),1001,우리동네키움센터,11710,송파구,1003,초등학생,127.11952,37.51195,5635,서울특별시 송파구 가락로 270,"2층 (방이동, 우정팰리스)",2020-12-01T00:00:00,,,33.9,900,1900,900,1800,900,1800,N,,,N,,50000,N,,2500,25,5,112,,N,2020-12-08T14:19:47,2025-07-15T12:40:12
SP201204,송파11호점(융합형) 우리동네키움센터(오금동 송파키움센터),1009,융합형키움센터,11710,송파구,1003,초등학생,127.14152,37.50043,5738,서울특별시 송파구 동남로28길 40,"오금청소년센터, 3층 (오금동)",2020-12-07T00:00:00,,,63.5,1300,2000,800,2000,800,2000,Y,900,1300,N,,50000,N,,2500,40,8,210,,N,2020-12-08T14:07:06,2026-01-02T14:19:52
SP201203,송파10호점 우리동네키움센터(가락2동 송파키움센터),1001,우리동네키움센터,11710,송파구,1003,초등학생,127.12721,37.49834,5822,서울특별시 송파구 중대로20길 14,2층 (가락동),2020-12-15T00:00:00,,,34.8,1200,1900,800,1800,900,1800,N,,,N,,50000,N,,2500,30,6,115,,N,2020-12-08T13:52:44,2026-02-06T16:47:56
SP201202,삼전동(2호) 송파키움센터,1001,우리동네키움센터,11710,송파구,1003,초등학생,127.09461,37.50673,5601,서울특별시 송파구 석촌호수로 158,2층 (삼전동 금한빌딩),2020-11-23T00:00:00,,,26.9,1000,1900,900,1800,900,1800,N,,,N,,50000,N,,2500,25,5,89,,N,2020-12-08T11:17:01,2025-06-26T19:04:22
SP201201,송파8호점 우리동네키움센터(석촌동 송파키움센터),1001,우리동네키움센터,11710,송파구,1003,초등학생,127.10405,37.50431,5615,서울특별시 송파구 백제고분로37길 4,1층 (석촌동),2020-11-23T00:00:00,,,21.8,1300,1900,900,1800,900,1800,N,,,N,,50000,N,,2500,20,2,72,,N,2020-12-08T10:36:45,2026-02-12T11:49:16
MP201201,마포3호점 우리동네키움센터(용강동),1001,우리동네키움센터,11440,마포구,1003,초등학생,126.93806,37.54233,4162,서울특별시 마포구 대흥로4길 13,2층 (용강동),2020-12-21T00:00:00,,,34,1300,1900,900,1800,900,1900,N,,,N,,50000,N,,2500,20,4,.113.56,,N,2020-12-07T15:51:44,2026-02-05T17:08:40
JN201201,종로4호점 우리동네키움센터(마을연계)(융합형),1009,융합형키움센터,11110,종로구,1003,초등학생,127.01644,37.57699,3109,서울특별시 종로구 지봉로12길 16,"201호 및 202호 (숭인동, 남광쉐르빌)",2020-12-30T00:00:00,,,57.8,1000,2000,800,2000,800,1900,Y,1000,1400,N,,50000,N,,2500,30,6,191,,N,2020-12-04T21:18:47,2026-01-26T10:23:31
GJ201204,광진7호점 우리동네키움센터,1001,우리동네키움센터,11215,광진구,1003,초등학생,127.09337,37.53785,5047,서울특별시 광진구 구의강변로 79,2층 (구의동),2020-12-07T00:00:00,,,34.1,1300,1900,900,1800,900,1800,N,,,N,,50000,N,,2500,20,4,112.71,,N,2020-12-04T18:54:48,2025-10-17T14:16:27
GJ201203,광진6호점 우리동네키움센터,1001,우리동네키움센터,11215,광진구,1003,초등학생,127.08106,37.55951,4928,서울특별시 광진구 능동로 338,2층 (중곡동),2020-12-01T00:00:00,,,51.5,1300,1900,900,1900,900,1800,N,,,N,,50000,,0,,25,3,170.25,,N,2020-12-04T18:50:29,2025-10-17T14:48:51
GJ201202,광진5호점 우리동네키움센터,1001,우리동네키움센터,11215,광진구,1003,초등학생,127.08105,37.56047,4915,서울특별시 광진구 능동로 347,2층 (중곡동),2020-12-01T00:00:00,,,40,1300,1900,900,1800,900,1900,N,,,N,,50000,N,,2500,20,4,132.05,,N,2020-12-04T18:42:33,2026-01-02T09:58:30
GJ201201,광진4호점 우리동네키움센터,1001,우리동네키움센터,11215,광진구,1003,초등학생,127.09732,37.54108,4974,서울특별시 광진구 아차산로66길 8,3층 (광장동),2020-12-01T00:00:00,,,25.6,1300,1900,900,1900,900,1800,N,,,N,,50000,N,,2500,20,4,84.72,,N,2020-12-04T18:35:05,2024-09-02T11:12:59
BP201201,제2호(동작?영등포권) 거점형 우리동네키움센터,1008,거점형키움센터,11590,동작구,1003,초등학생,126.927290754461,37.5125160230481,6938,서울특별시 동작구 노량진로 10,서울가족플라자 내 1층 활동실 (대방동),2020-12-02T00:00:00,,,,1300,2000,800,2000,1000,2000,Y,1000,1800,,0,,N,,2500,0,18,,1159011560,N,2020-12-02T10:51:24,2026-04-25T17:09:36
GB201101,강북구 2호점 우리동네키움센터(인수동),1001,우리동네키움센터,11305,강북구,1003,초등학생,127.01413,37.63437,1093,서울특별시 강북구 인수봉로48길 11-3,1~2층 (수유동),2020-12-07T00:00:00,,,25,1300,2000,900,2000,900,1800,N,,,N,,50000,N,,2500,20,4,84,,N,2020-11-27T21:27:40,2026-02-04T13:17:12
GN201101,강남5호점 우리동네키움센터(도성다함께키움센터),1001,우리동네키움센터,11680,강남구,1003,초등학생,127.048,37.49852,6216,서울특별시 강남구 역삼로52길 14,"304호(역삼동, 도곡프라자) (역삼동)",2020-12-28T00:00:00,,,37.3,1000,1900,900,1800,900,1800,N,,,N,,50000,N,,2500,20,4,123.16,,N,2020-11-23T13:01:52,2025-12-01T14:20:02
GR201104,구로13호점 우리동네키움센터(항동),1001,우리동네키움센터,11530,구로구,1003,초등학생,126.82476,37.48116,8368,서울특별시 구로구 항동로3길 4,201호 202호 (항동),2020-11-25T00:00:00,,,29,900,1900,800,1800,800,1800,N,,,N,,50000,N,,2500,25,3,96.3,,N,2020-11-18T14:36:51,2025-01-07T11:14:08
GR201103,구로12호점 우리동네키움센터(온수동),1001,우리동네키움센터,11530,구로구,1003,초등학생,126.82445,37.49307,8260,서울특별시 구로구 부일로 875,2층 (온수동),2020-11-25T00:00:00,,,42,1000,1900,900,1900,1000,1900,N,,,N,,50000,N,,2500,25,5,141,,N,2020-11-18T14:27:53,2025-10-16T09:36:03
GR201102,구로11호점 우리동네키움센터(천왕숲),1001,우리동네키움센터,11530,구로구,1003,초등학생,126.84245,37.4837,8350,서울특별시 구로구 오리로 1102-6,"106호,107호 (천왕동)",2020-11-25T00:00:00,,,30,900,1900,900,1800,900,1900,N,,,N,,50000,N,,2500,25,5,99.5,,N,2020-11-18T14:19:45,2025-10-15T18:10:42
GR201101,구로10호점 우리동네키움센터(오류2동),1001,우리동네키움센터,11530,구로구,1003,초등학생,126.83936,37.4894,8342,서울특별시 구로구 서해안로24길 27,2층 (오류동),2020-11-25T00:00:00,,,21,1200,1900,800,1800,800,1900,N,,,N,,50000,N,,2500,20,4,70.2,,N,2020-11-18T14:14:06,2026-03-27T13:24:12
JN201103,종로2호점 우리동네키움센터(부암동),1001,우리동네키움센터,11110,종로구,1003,초등학생,126.9606,37.60174,3014,서울특별시 종로구 세검정로 259,"102호 (신영동, 진안빌라)",2020-11-18T00:00:00,,,28.4,1300,1900,900,1800,900,1800,N,,,N,,50000,N,,2500,20,4,94,,N,2020-11-12T17:49:14,2024-11-26T10:27:24
GJ201101,광진3호점 융합형우리동네키움센터,1009,융합형키움센터,11215,광진구,1003,초등학생,127.08392,37.53409,5056,서울특별시 광진구 자양로 71-7,지하1층 ~ 지상2층 (자양동),2020-11-02T00:00:00,,,88.2,800,2000,800,2000,800,2000,Y,900,1300,N,,40000,N,,2500,30,6,291.33,,Y,2020-11-12T14:08:01,2026-04-25T09:30:53
SM201101,서대문2호점 우리동네키움센터(연희동 우리동네키움센터),1001,우리동네키움센터,11410,서대문구,1003,초등학생,126.932859087182,37.5700312038412,3699,서울특별시 서대문구 연희로 139-5,"2층(연희동,호범빌딩) (연희동)",2020-11-09T00:00:00,,,32,1200,1900,900,1800,900,1800,N,,,N,,50000,N,,2500,25,5,107.97,,N,2020-11-02T14:11:52,2025-09-15T18:52:53
SP201001,송파7호점 우리동네키움센터(위례동 송파키움센터),1001,우리동네키움센터,11710,송파구,1003,초등학생,127.13599381173,37.4772999901041,5814,서울특별시 송파구 위례순환로 477,"2321동 1층 다목적실내부 (장지동, 위례포레샤인23단지)",2020-11-09T00:00:00,,,41,1300,1900,900,1800,900,1900,N,,,N,,50000,N,,2500,25,5,136,,N,2020-10-25T20:57:55,2026-01-02T15:49:35
GB201001,강북구 1호점 우리동네키움센터(융합형)(수유2동),1009,융합형키움센터,11305,강북구,1003,초등학생,127.01551,37.64862,1044,서울특별시 강북구 삼양로136길 30,"2층~3층 (수유동, 다올자리)",2020-11-23T00:00:00,,,68.1,1300,2000,800,2000,800,2000,Y,900,1300,N,,50000,N,,2500,30,6,224.74,,N,2020-10-23T16:05:30,2024-01-28T12:53:17
YF201001,영등포6호점 우리동네키움센터(도영 아이랜드),1001,우리동네키움센터,11560,영등포구,1003,초등학생,126.90214,37.50993,7369,서울특별시 영등포구 도림로112길 21-15,2층 (영등포동),2020-10-26T00:00:00,,,27,900,1900,900,1800,900,1800,N,,,Y,,,Y,0,,20,4,89,,N,2020-10-13T17:58:20,2025-11-13T14:49:33
NW201001,노원23호점 우리동네키움센터(노원융합형아이휴센터),1009,융합형키움센터,11350,노원구,1003,초등학생,127.0596,37.64097,1772,서울특별시 노원구 덕릉로70길 100, (상계동) 노원아이돌봄센터 2층,2020-10-29T00:00:00,,,100,1200,2000,900,2000,900,2000,Y,900,1300,N,,20000,N,,2500,40,8,318,,N,2020-10-11T16:00:51,2026-02-23T18:53:09
GR201001,구로9호점 우리동네키움센터(신도림동),1001,우리동네키움센터,11530,구로구,1003,초등학생,126.87874,37.5066,8211,서울특별시 구로구 신도림로 20,401호 (신도림동),2020-10-12T00:00:00,,,55,900,1900,900,1800,900,1800,N,,,N,,50000,N,,2500,30,6,181,,N,2020-10-06T19:31:40,2026-04-21T11:14:10
GR200903,구로8호점 우리동네키움센터(고척2동),1001,우리동네키움센터,11530,구로구,1003,초등학생,126.85552,37.50697,8239,서울특별시 구로구 중앙로15길 80,2층 (고척동),2020-10-01T00:00:00,,,40,900,1900,900,1800,900,1900,N,,,N,,50000,N,,2500,30,6,154,,N,2020-09-29T16:20:43,2025-10-15T18:22:22
BP200902,제1호(노원?도봉권) 거점형 우리동네키움센터,1008,거점형키움센터,11350,노원구,1003,초등학생,127.05127,37.67222,1614,서울특별시 노원구 동일로231다길 10, (상계동),2020-09-29T00:00:00,,,,1300,2000,800,2000,900,2000,Y,1000,1800,,0,,N,,2500,0,20,,1135011320,N,2020-09-29T09:46:21,2026-04-06T10:28:46
YS200901,용산6호점 우리동네키움센터,1001,우리동네키움센터,11170,용산구,1003,초등학생,126.966624807139,37.5267648742758,4387,서울특별시 용산구 서빙고로 17,용산센트럴 파크타워(한강로3가) 업무동 2층,2020-10-05T00:00:00,,,44,800,1900,800,1900,800,1900,N,,,N,,50000,N,,2500,30,6,146.5,,Y,2020-09-27T18:20:45,2025-08-29T11:25:38
NW200901,노원22호점 우리동네키움센터(상계보람2단지 아이휴센터),1001,우리동네키움센터,11350,노원구,1003,초등학생,127.06576,37.66677,1671,서울특별시 노원구 한글비석로 480,"208동 102호 (상계동, 보람아파트2단지)",2020-10-05T00:00:00,,,20.9,1200,2000,900,2000,900,2000,N,,,N,,20000,N,,2500,21,4,69,,N,2020-09-22T17:58:24,2026-02-26T17:05:17
YF200902,영등포5호점 우리동네키움센터(여의동 아이랜드),1001,우리동네키움센터,11560,영등포구,1003,초등학생,126.93195,37.5189,7343,서울특별시 영등포구 여의대방로 386,진주상가 404호 (여의도동),2020-10-07T00:00:00,,,35,1000,1900,800,1900,900,1800,N,,,Y,0,,,0,,25,5,115,,Y,2020-09-20T16:56:19,2026-02-13T14:21:28
YF200901,영등포4호점 우리동네키움센터(문래동 아이랜드),1001,우리동네키움센터,11560,영등포구,1003,초등학생,126.88907,37.51965,7281,서울특별시 영등포구 선유로 63,동신타워 203호 (문래동6가),2020-10-07T00:00:00,,,30,1000,1900,900,1900,900,1900,N,,,Y,0,,,0,,25,5,99,,N,2020-09-20T16:53:01,2024-12-13T17:46:34
SC200802,서초3호점 우리동네키움센터(서초구립 내곡동 초등키움센터),1001,우리동네키움센터,11650,서초구,1003,초등학생,127.05991,37.45342,6800,서울특별시 서초구 청계산로9길 70,sh플라자 3층 (내곡동),2020-10-19T00:00:00,,,54,1300,1900,900,1800,900,1800,N,,,Y,0,,,0,,25,5,163.82,,N,2020-08-27T11:43:26,2026-04-21T15:16:40
SC200801,서초2호점 우리동네키움센터(서초구립 네이처힐2단지 초등키움센터),1001,우리동네키움센터,11650,서초구,1003,초등학생,127.021776613469,37.4625079439871,6765,서울특별시 서초구 형촌길 15,"205동 (우면동) (우면동, 서초네이처힐2단지)",2020-10-19T00:00:00,,,30,1300,1900,900,1800,900,1800,N,700,1400,Y,0,,,0,,20,4,97.18,,Y,2020-08-27T09:53:11,2026-03-30T09:33:25
GN200701,강남4호점 우리동네키움센터(세곡다함께키움센터),1001,우리동네키움센터,11680,강남구,1003,초등학생,127.10732,37.47381,6370,서울특별시 강남구 밤고개로 231,"훼미리타운 A동 202, 203호 (자곡동)",2020-08-18T00:00:00,,,53.3,900,1900,900,1800,900,1800,N,,,N,,50000,N,,2500,25,5,175.95,,N,2020-07-25T12:32:00,2026-04-23T10:15:23
NW200701,노원21호점 우리동네키움센터(상계12단지 아이휴센터),1001,우리동네키움센터,11350,노원구,1003,초등학생,127.058459862693,37.6657364186696,1673,서울특별시 노원구 한글비석로 530,"1207동 106호 (상계동, 상계주공12단지아파트)",2020-07-24T00:00:00,,,21,1200,2000,900,2000,900,2000,N,,,N,,20000,N,,2500,21,4,70.35,,N,2020-07-16T14:19:46,2026-03-27T14:14:05
YS200701,용산5호점 우리동네키움센터,1001,우리동네키움센터,11170,용산구,1003,초등학생,126.9536,37.53549,4357,서울특별시 용산구 효창원로 39,2층(도로기준 3층) (신창동),2020-07-27T00:00:00,,,30,1300,1900,900,1900,900,1900,N,,,N,,50000,N,,2500,20,4,98.78,,N,2020-07-10T16:41:50,2025-05-13T10:27:27
NW200602,노원19호점 우리동네키움센터(중계무지개 아이휴센터),1001,우리동네키움센터,11350,노원구,1003,초등학생,127.06476314263,37.6452270099912,1781,서울특별시 노원구 동일로208길 19,"201동 104호 (중계동, 중계무지개아파트)",2020-06-22T00:00:00,,,21,1200,2000,900,2000,900,2000,N,,,N,,20000,N,,2500,21,4,69.54,,N,2020-06-17T13:25:45,2026-03-05T09:10:15
NW200601,노원18호점 우리동네키움센터(상계1단지 아이휴센터),1001,우리동네키움센터,11350,노원구,1003,초등학생,127.059053673464,37.6479863634776,1765,서울특별시 노원구 덕릉로 459-21,"111-101 (상계동, 상계주공1단지아파트)",2020-06-22T00:00:00,,,25,900,2000,900,2000,900,2000,N,,,N,,20000,N,,2500,25,5,84.41,,N,2020-06-12T17:22:13,2026-02-19T09:49:04
GN200601,강남3호점 우리동네키움센터(청담다함께키움센터),1001,우리동네키움센터,11680,강남구,1003,초등학생,127.05405,37.52047,6073,서울특별시 강남구 영동대로131길 26,강남청소년수련관 3층 (청담동),2020-07-06T00:00:00,,,53.7,900,1900,800,1800,800,1800,N,,,N,,50000,N,,2500,25,5,177.48,,N,2020-06-04T20:26:18,2026-01-14T11:20:30
DB200503,도봉구3호점 우리동네키움센터,1001,우리동네키움센터,11320,도봉구,1003,초등학생,127.048491800149,37.6863052484388,1318,서울특별시 도봉구 마들로 859-19,"111동 102호  (도봉동, 도봉한신아파트)",2020-05-27T00:00:00,,,31,1300,2000,900,1800,900,1800,N,,,N,,20000,N,,2000,20,4,104,,Y,2020-05-25T12:06:20,2025-09-16T09:31:45
DB200501,도봉4호점 우리동네키움센터,1001,우리동네키움센터,11320,도봉구,1003,초등학생,127.045065750872,37.6491146720145,1421,서울특별시 도봉구 해등로 50,"323동 101호 (창동, 주공3단지아파트)",2020-05-27T00:00:00,,,32,1000,1900,900,1800,900,1900,N,,,N,,20000,N,,2000,20,4,105.5,,N,2020-05-20T08:53:16,2025-10-16T17:56:26
NW200501,노원20호점 우리동네키움센터(상계두산 융합형 아이휴센터),1009,융합형키움센터,11350,노원구,1003,초등학생,127.05375,37.67788,1606,서울특별시 노원구 동일로241길 53,"관리사무소 2층 (상계동, 두산아파트)",2020-04-01T00:00:00,,,110,1200,2000,900,2000,900,2000,Y,900,1300,N,,20000,N,,2500,40,8,362,,N,2020-05-13T15:22:31,2026-03-09T18:55:24
JG200501,중구5호점 우리동네키움센터(중구 초등돌봄 신당5동키움센터),1001,우리동네키움센터,11140,중구,1003,초등학생,127.02188,37.56513,4578,서울특별시 중구 다산로44길 85,2층 (신당동),2020-05-01T00:00:00,,,29,1100,2000,800,2000,800,2000,N,,,Y,0,,,0,,29,6,97.62,,N,2020-05-08T15:29:17,2026-01-19T15:41:36
SP200502,송파6호점 우리동네키움센터(문정2동 송파키움센터),1001,우리동네키움센터,11710,송파구,1003,초등학생,127.11148,37.48977,5834,서울특별시 송파구 중대로4길 4,1층 (문정동),2020-05-04T00:00:00,,,24,1300,1900,900,1800,900,1800,N,,,N,,50000,N,,2500,25,5,81.21,,N,2020-05-06T09:15:04,2026-04-20T14:01:51
SP200501,송파5호점 우리동네키움센터(가락본동 송파키움센터),1001,우리동네키움센터,11710,송파구,1003,초등학생,127.12345,37.50073,5705,서울특별시 송파구 오금로36길 36,태연빌딩 3층 (가락동),2020-05-04T00:00:00,,,36,1000,1900,900,1800,900,1800,N,,,N,,50000,N,,2500,25,5,120,,N,2020-05-06T09:09:39,2026-02-23T13:49:51
NW200407,노원17호점 우리동네키움센터(상계6단지 아이휴센터),1001,우리동네키움센터,11350,노원구,1003,초등학생,127.066788212232,37.6529080475806,1752,서울특별시 노원구 노해로 508,"623동 101호,102호 (상계동, 상계주공6단지아파트)",2020-05-06T00:00:00,,,36,1200,2000,900,2000,900,2000,N,,,N,,20000,N,,2500,35,7,165,,N,2020-04-28T17:18:05,2026-01-05T16:19:38
GJ200401,광진2호점 우리동네키움센터(꿈 정함),1001,우리동네키움센터,11215,광진구,1003,초등학생,127.08475,37.52884,5106,서울특별시 광진구 자양로3가길 28, (자양동),2020-05-01T00:00:00,,,39,1300,2000,900,1800,900,1800,N,,,N,,50000,N,,2500,20,4,131,,N,2020-04-22T16:35:40,2026-01-20T09:43:11
DJ200401,동작3호점 우리동네키움센터(사당5동),1001,우리동네키움센터,11590,동작구,1003,초등학생,126.96653,37.4876,7030,서울특별시 동작구 사당로 154,2층 (사당동),2020-05-08T00:00:00,,,33,700,2000,700,2000,700,2000,N,,,N,,50000,N,,2500,20,4,83,,Y,2020-04-08T15:36:32,2025-07-25T10:41:30
GR200401,구로7호점 우리동네키움센터(구로융합형),1009,융합형키움센터,11530,구로구,1003,초등학생,126.89777,37.48138,8393,서울특별시 구로구 디지털로32가길 50,3~4층 (구로동),2020-04-01T00:00:00,,,69,900,2000,800,2000,800,2000,Y,900,1300,N,,50000,N,,2500,30,6,238,,N,2020-04-03T11:31:49,2025-06-12T09:27:42
NW200401,노원16호점 우리동네키움센터(상계다락 아이휴센터),1001,우리동네키움센터,11350,노원구,1003,초등학생,127.07049,37.66257,1667,서울특별시 노원구 한글비석로 426-12,3층 (상계동),2020-04-01T00:00:00,,,25,1200,2000,900,2000,900,2000,N,,,N,,20000,N,,2500,25,5,83,,N,2020-04-01T14:58:21,2026-01-12T10:46:41
GR200302,구로6호점 우리동네키움센터(고척1동),1001,우리동네키움센터,11530,구로구,1003,초등학생,126.98505149596,37.5208440283276,8227,서울특별시 구로구 중앙로1길 18-19,"104동 109호 (고척동, 우성현대아파트)",2020-03-23T00:00:00,,,21,900,1900,900,1900,900,1900,N,,,N,,50000,N,,2500,20,4,66,,N,2020-03-23T12:15:23,2026-02-23T18:43:52
JG200301,중구4호점 우리동네키움센터(중구 초등돌봄 약수키움센터),1001,우리동네키움센터,11140,중구,1003,초등학생,127.01257,37.55188,4596,서울특별시 중구 동호로5길 19,1층 (신당동),2020-03-02T00:00:00,,,87,1100,2000,800,2000,800,2000,N,,,Y,0,,,0,,81,10,290,,Y,2020-03-18T10:13:43,2026-01-20T11:25:39
GR200301,구로5호점 우리동네키움센터(천왕동),1001,우리동네키움센터,11530,구로구,1003,초등학생,126.83912,37.47927,8364,서울특별시 구로구 천왕로 21,"701동 1층 (천왕동, 천왕이펜하우스7단지)",2020-03-16T00:00:00,,,34,900,1900,900,1800,900,1800,N,,,N,,50000,N,,2500,30,6,114,,N,2020-03-17T18:55:09,2025-11-11T10:35:41
EP200301,은평4호점 우리동네키움센터(역촌),1001,우리동네키움센터,11380,은평구,1003,초등학생,126.91928,37.60535,3403,서울특별시 은평구 진흥로7나길 12-5,2층 (역촌안심마을 경로당) (역촌동),2020-03-30T00:00:00,,,22,1000,2000,900,1900,900,1900,N,,,N,,50000,N,,2500,20,4,73,,N,2020-03-11T10:25:21,2025-02-27T22:50:37
SD200203,성동10호점 우리동네키움센터(금호대우아이꿈누리터),1001,우리동네키움센터,11200,성동구,1003,초등학생,127.022690370297,37.5468887313725,4738,서울특별시 성동구 독서당로 272, 독서당로 46길 26 금호4가 주민센터 옆 금호대우아이꿈누리터 (성동10호점 우리동네키움센터),2020-02-17T00:00:00,,,33,1000,2000,900,1900,900,1900,N,,,N,,50000,N,,2500,20,4,104.8,,N,2020-02-25T17:11:05,2024-09-04T11:12:25
YF200203,영등포3호점 우리동네키움센터(대림1동 아이랜드),1001,우리동네키움센터,11560,영등포구,1003,초등학생,126.905410476391,37.4910632007476,7438,서울특별시 영등포구 대림로8길 13-2,2층 (대림동),2020-03-02T00:00:00,,,31.4,1200,1900,800,1900,900,1900,N,,,Y,0,,,,,20,4,103.8,,N,2020-02-16T17:04:17,2025-07-31T17:52:27
YF200202,영등포2호점 우리동네키움센터(당산1동 아이랜드),1001,우리동네키움센터,11560,영등포구,1003,초등학생,126.894,37.526,7261,서울특별시 영등포구 당산로29길 9,1층 (그린앤케어센터) (당산동3가),2020-03-02T00:00:00,,,35,1200,1900,900,1800,1200,1800,N,,,,0,,Y,0,,25,5,115,,N,2020-02-16T16:52:38,2025-08-19T14:39:10
GR200201,구로4호점 우리동네키움센터(구로1동),1001,우리동네키움센터,11530,구로구,1003,초등학생,126.877651971296,37.4933055586448,8325,서울특별시 구로구 구일로4길 46,"202동 106호 (구로동, 현대연예인아파트)",2020-02-01T00:00:00,,,25,900,1900,900,1800,900,1800,N,,,N,,50000,N,,2500,25,5,84,,N,2020-02-11T18:22:03,2026-02-10T13:39:37
SD200201,성동9호점 우리동네키움센터(사근동아이꿈누리터),1001,우리동네키움센터,11200,성동구,1003,초등학생,127.04533,37.5615,4761,서울특별시 성동구 사근동길 37,사근동 공공복합청사 지하1층 (사근동),2020-02-10T00:00:00,,,25,900,1900,900,1800,900,1800,N,,,N,,50000,N,,2500,15,0,66.8,,N,2020-02-07T15:42:33,2024-08-26T17:44:32
GS200203,강서1호점 우리동네키움센터(염창동),1001,우리동네키움센터,11500,강서구,1003,초등학생,126.87322916778,37.5552491177088,7535,서울특별시 강서구 양천로67길 93-22,염창1빗물펌프장 2층 (염창동),2020-02-17T00:00:00,,,67,900,1900,900,1800,900,1800,N,,,N,,50000,N,,2500,25,5,223,,N,2020-02-04T10:36:17,2026-04-09T11:28:11
GS200202,강서2호점 우리동네키움센터(방화3동),1001,우리동네키움센터,11500,강서구,1003,초등학생,126.81398,37.57958,7511,서울특별시 강서구 금낭화로 162,"1층 (방화동, 방화메이빌아파트)",2020-02-03T00:00:00,,,37,1300,1900,900,1800,1000,1900,N,700,1500,N,,50000,N,,2500,20,4,121,,N,2020-02-04T10:13:04,2026-03-17T18:29:32
DJ200127,동작2호점 우리동네키움센터(신대방1동),1001,우리동네키움센터,11590,동작구,1003,초등학생,126.912643519375,37.4894670279241,7066,서울특별시 동작구 신대방2길 42-10,3층 (신대방동),2020-01-06T00:00:00,,,55,1000,1900,800,1900,900,1900,N,,,N,,50000,N,,2500,20,4,182,,N,2020-01-17T14:51:25,2025-06-09T13:24:57
YS200110,용산2호점 우리동네키움센터,1001,우리동네키움센터,11170,용산구,1003,초등학생,126.95423,37.52685,4374,서울특별시 용산구 이촌로2가길 75,1층 (이촌동),2019-12-20T00:00:00,,,25,800,1900,800,1900,800,1900,N,,,N,,50000,N,,2500,20,4,82,,N,2020-01-14T17:50:10,2024-08-20T10:27:53
YS200109,용산4호점 우리동네키움센터,1001,우리동네키움센터,11170,용산구,1003,초등학생,126.96267,37.54227,4312,서울특별시 용산구 효창원로 160,효창그리스도의교회 1층 (청파동3가),2019-12-30T00:00:00,,,50,900,1900,800,1900,800,1900,N,,,N,,50000,N,,2500,30,6,165,,N,2020-01-14T16:46:22,2026-04-22T08:50:28
GR200128,구로3호점 우리동네키움센터(구로2동),1001,우리동네키움센터,11530,구로구,1003,초등학생,126.88016,37.49734,8281,서울특별시 구로구 벚꽃로 484,"2층 (구로동, 화원종합사회복지관)",2020-01-01T00:00:00,,,33,1300,1900,900,1800,900,1800,N,900,1300,N,,50000,N,,2500,25,5,117,,N,2020-01-14T11:20:34,2026-01-19T14:04:22
NW200151,노원15호점 우리동네키움센터(상계동아불암 아이휴센터),1001,우리동네키움센터,11350,노원구,1003,초등학생,127.07915,37.6667,1647,서울특별시 노원구 덕릉로 780,"102동 101호 (상계동, 동아불암아파트)",2020-02-12T00:00:00,,,32,1200,2000,900,2000,900,2000,N,,,N,,20000,N,,2500,32,6,84.9,,N,2020-01-09T14:44:13,2025-10-17T15:33:53
NW200150,노원14호점 우리동네키움센터(상계15단지 아이휴센터),1001,우리동네키움센터,11350,노원구,1003,초등학생,127.055670551754,37.6697700497881,1617,서울특별시 노원구 동일로227길 26,"1510동 107호, 108호 (상계동, 상계주공15단지아파트)",2020-01-02T00:00:00,,,28,900,2000,900,2000,900,2000,N,,,N,,20000,N,,2500,28,6,93.14,,N,2020-01-09T13:37:43,2025-07-04T10:37:17
NW200125,노원12호점 우리동네키움센터(은빛1단지아이휴센터),1001,우리동네키움센터,11350,노원구,1003,초등학생,127.052894081767,37.6815813706627,1603,서울특별시 노원구 동일로245길 162,"109동 108호 (상계동, 은빛1단지아파트)",2019-12-20T00:00:00,,,21,1300,2000,900,2000,900,2000,N,,,N,,20000,N,,2500,21,4,69.42,,Y,2020-01-08T15:17:48,2025-01-03T16:51:18
EP200129,은평3호점 우리동네키움센터(응암),1001,우리동네키움센터,11380,은평구,1003,초등학생,126.92352,37.59183,3477,서울특별시 은평구 백련산로 38,"커뮤니티센터 b1 (응암동, 백련산 힐스테이트 2차)",2020-02-17T00:00:00,,,40,1000,2000,900,1900,900,1800,N,,,N,,50000,N,,2500,20,4,117,,N,2020-01-07T13:54:43,2025-01-08T09:10:54
NW200124,노원13호점 우리동네키움센터(월계극동아이휴센터),1001,우리동네키움센터,11350,노원구,1003,초등학생,127.04598,37.62955,1873,서울특별시 노원구 덕릉로60길 266,"102동 105호 (월계동, 극동아파트)",2019-12-30T00:00:00,,,28,1300,2000,900,2000,900,2000,N,,,N,,20000,N,,2500,28,4,95.31,,N,2020-01-06T10:19:10,2025-10-21T16:07:18
JG191212,중구3호점 우리동네키움센터(중구 초등돌봄 손기정키움센터),1001,우리동네키움센터,11140,중구,1003,초등학생,126.964537879549,37.5558931119814,4501,서울특별시 중구 손기정로 101,손기정문화도서관 1층 (만리동2가),2019-12-27T00:00:00,,,40,1100,2000,800,2000,800,2000,N,,,Y,0,,,0,,34,6,220,,N,2019-12-30T11:26:17,2026-03-10T15:34:10
JG191211,중구2호점 우리동네키움센터(중구 초등돌봄 중림키움센터),1001,우리동네키움센터,11140,중구,1003,초등학생,126.96625,37.55952,4506,서울특별시 중구 서소문로6길 16,종림종합복지센터 별관4층 (중림동),2019-12-27T00:00:00,,,35,1200,2000,800,2000,800,2000,N,,,Y,0,,,0,,36,8,114,,N,2019-12-30T11:16:33,2026-02-27T18:44:35
EP191202,은평2호점 우리동네키움센터(갈현),1001,우리동네키움센터,11380,은평구,1003,초등학생,126.91674,37.61748,3332,서울특별시 은평구 연서로25길 22,갈현우리동네키움센터 (갈현동),2019-12-01T00:00:00,,,20,1300,2000,900,1800,900,1800,N,,,N,,50000,N,,2500,20,8,67,,N,2019-12-17T20:02:06,2026-01-15T13:11:54
SD191202,성동8호점 우리동네키움센터(성동복지관아이꿈누리터),1001,우리동네키움센터,11200,성동구,1003,초등학생,127.03348,37.57023,4704,서울특별시 성동구 청계천로 506,성동종합사회복지관 5층 (마장동),2019-12-12T00:00:00,,,23,900,1900,900,1800,900,1800,N,,,N,,50000,N,,2500,20,4,75.79,,N,2019-12-12T18:52:51,2026-02-27T13:58:25
SD191201,성동7호점 우리동네키움센터(옥수복지관아이꿈누리터),1001,우리동네키움센터,11200,성동구,1003,초등학생,127.01276,37.54047,4736,서울특별시 성동구 한림말길 16-5,옥수종합사회복지관 3층 (옥수동),2019-12-12T00:00:00,,,30,900,1900,900,1900,900,1900,N,,,N,,50000,N,,2500,20,4,100,,N,2019-12-12T13:37:19,2026-01-13T10:24:15
EP191201,은평1호점 우리동네키움센터(진관),1001,우리동네키움센터,11380,은평구,1003,초등학생,126.916420391688,37.6357808824803,3312,서울특별시 은평구 통일로 1045,"지하 1층 사회적기업1 (진관동, 이룸채)",2020-02-17T00:00:00,,,31,1300,2000,900,1800,900,1800,N,,,N,,50000,N,,2500,12,4,102,,N,2019-12-06T18:12:30,2025-01-02T10:00:51
GN191142,강남2호점 우리동네키움센터 (역삼다함께키움센터),1001,우리동네키움센터,11680,강남구,1003,초등학생,127.04094,37.49398,6228,서울특별시 강남구 논현로64길 7,3층 (역삼동),2019-11-25T00:00:00,,,40,1000,1900,900,1800,900,1800,N,,,N,,50000,N,,2500,20,4,133,,N,2019-11-28T15:10:31,2025-12-11T11:26:44
NW191115,노원11호점 우리동네키움센터(산마루아이휴센터),1001,우리동네키움센터,11350,노원구,1003,초등학생,127.08148865355,37.6466822515223,1725,서울특별시 노원구 중계로12길 24,"103동 103호 (중계동, 금호아파트)",2019-11-20T00:00:00,,,23,900,2000,900,2000,900,2000,N,,,N,,20000,N,,2500,20,4,59.52,,N,2019-11-27T12:01:43,2026-03-03T13:34:57
JG191102,중구1호점 우리동네키움센터(중구 초등돌봄 신당키움센터),1001,우리동네키움센터,11140,중구,1003,초등학생,127.01352,37.56111,4610,서울특별시 중구 다산로29길 10,"3층, 중구 1호점 우리동네키움센터 (신당동)",2019-11-25T00:00:00,,,26,1100,2000,800,2000,800,2000,N,,,Y,0,,,0,0,28,5,86,,N,2019-11-26T20:42:46,2026-02-13T16:15:52
NW191113,노원1호점 우리동네키움센터(월계문화아이휴센터),1001,우리동네키움센터,11350,노원구,1003,초등학생,127.05078,37.62427,1884,서울특별시 노원구 월계로42길 9,2층 다함께돌봄센터 (월계동),2018-07-25T00:00:00,,,20,900,2000,900,2000,900,2000,N,,,N,,20000,N,,2500,20,4,66,,N,2019-11-25T13:43:06,2026-04-30T19:26:49
NW191114,노원7호점 우리동네키움센터(하계극동아이휴센터),1001,우리동네키움센터,11350,노원구,1003,초등학생,127.06468,37.63613,1776,서울특별시 노원구 섬밭로 229,"3-111 (하계동, 극동아파트)",2019-07-09T00:00:00,,,26,1200,2000,900,2000,900,2000,N,,,N,,20000,N,,2500,25,5,83.58,,N,2019-11-25T13:18:55,2026-01-20T13:49:48
NW191109,노원5호점 우리동네키움센터(상계3단지아이휴센터),1001,우리동네키움센터,11350,노원구,1003,초등학생,127.055964856426,37.6506781516921,1761,서울특별시 노원구 동일로 215길 48 (상계주공3단지아파트),326동 112호,2019-05-29T00:00:00,,,23,1200,2000,900,2000,900,2000,N,,,N,,20000,N,,2500,23,4,78.87,,N,2019-11-25T13:18:31,2026-01-29T14:30:32
NW191105,노원2호점 우리동네키움센터(상계10단지아이휴센터),1001,우리동네키움센터,11350,노원구,1003,초등학생,127.05767,37.66215,1675,서울특별시 노원구 노원로 564,"1021동 104호 (상계동, 상계주공10단지아파트)",2019-01-01T00:00:00,,,20,900,2000,900,2000,900,2000,N,,,N,,20000,N,,2500,20,4,56.4,,N,2019-11-25T13:18:31,2026-01-02T10:52:56
NW191108,노원4호점 우리동네키움센터(달빛마실 아이휴센터),1001,우리동네키움센터,11350,노원구,1003,초등학생,127.058774855899,37.6213285663912,1891,서울특별시 노원구 광운로13길 9,(월계동),2019-04-01T00:00:00,,,20,1200,2000,900,2000,900,2000,N,,,N,,20000,N,,2500,20,4,67.65,,N,2019-11-25T13:18:31,2026-03-03T18:07:58
NW191111,노원9호점 우리동네키움센터(상계7단지아이휴센터),1001,우리동네키움센터,11350,노원구,1003,초등학생,127.061756307377,37.6602804864921,1690,서울특별시 노원구 동일로 1456,"718동 106호 (상계동, 상계주공7단지아파트)",2019-09-30T00:00:00,,,20,1200,2000,900,2000,900,2000,N,,,N,,20000,N,,2500,20,4,66,,N,2019-11-25T13:18:31,2025-10-20T15:49:59
NW191112,노원8호점 우리동네키움센터(월계그랑빌아이휴센터),1001,우리동네키움센터,11350,노원구,1003,초등학생,127.06709,37.61874,1913,서울특별시 노원구 마들로 31,"115동 104호 (월계동, 그랑빌아파트)",2019-07-22T00:00:00,,,24,1300,2000,900,2000,900,2000,N,,,N,,20000,N,,2500,24,4,80,,N,2019-11-25T13:18:31,2025-07-02T14:19:40
NW191110,노원3호점 우리동네키움센터(상계5간촌아이휴센터),1001,우리동네키움센터,11350,노원구,1003,초등학생,127.0663,37.66267,1679,서울특별시 노원구 한글비석로49길 36,1층 (상계동),2019-01-30T00:00:00,,,27,1200,2000,900,2000,900,2000,N,,,N,,20000,N,,2500,28,4,91.8,,N,2019-11-25T13:18:31,2026-02-10T09:09:51
NW191107,노원6호점 우리동네키움센터(공릉태강아이휴센터),1001,우리동네키움센터,11350,노원구,1003,초등학생,127.083620364669,37.6229253618775,1820,서울시 노원구 공릉로 34길 62 태강아파트 ,1002동 101호,2019-06-20T00:00:00,,,20,1200,2000,900,2000,900,2000,N,,,N,,20000,N,,2500,20,4,82.99,,N,2019-11-25T13:18:31,2026-03-11T16:33:10
NW191106,노원10호점 우리동네키움센터(공릉라이프아이휴센터),1001,우리동네키움센터,11350,노원구,1003,초등학생,127.06819,37.6271,1854,서울시 노원구 섬밭로 123,관리동 2층 공릉라이프 아이휴센터,2019-10-10T00:00:00,,,23,1200,2000,900,2000,900,2000,N,,,N,,20000,N,,2500,23,4,78,,N,2019-11-25T13:18:31,2025-07-01T11:59:41
JN191103,종로1호점 우리동네키움센터(청운효자동),1001,우리동네키움센터,11110,종로구,1003,초등학생,126.96743,37.58353,3035,서울시 종로구 필운대로 86,2층 (신교동)  ,2020-03-25T00:00:00,,,22.42,900,1900,900,1800,900,1800,N,,,N,,50000,N,,2500,20,4,74.84,,N,2019-11-25T13:18:31,2025-07-01T14:50:13
SD191105,성동5호점 우리동네키움센터(성수복지관아이꿈누리터),1001,우리동네키움센터,11200,성동구,1003,초등학생,127.04698,37.54543,4778,서울특별시 성동구 뚝섬로1길 43,성수종합사회복지관 6층 605호,2019-10-01T00:00:00,,,32,1300,1900,900,1800,900,1800,N,,,N,,50000,N,,2500,23,5,106,,N,2019-11-22T11:21:00,2025-02-12T18:12:12
DB191106,도봉1호점 방아골우리동네키움센터,1001,우리동네키움센터,11320,도봉구,1003,초등학생,127.032705740131,37.6692921509572,1314,서울시 도봉구 시루봉로 17길 42,방아골종합사회복지관 2층,2021-04-05T00:00:00,,,24.2,1300,1900,900,1800,1300,1900,N,,,N,,20000,N,,2000,20,4,80,,N,2019-11-22T11:21:00,2025-10-16T14:25:13
SD191101,성동1호점 우리동네키움센터(스위첸아이꿈누리터),1001,우리동네키움센터,11200,성동구,1003,초등학생,127.02685,37.56058,4711,서울특별시 성동구 무학봉길 35 KCC스위첸아파트,103동 205호,2019-03-07T00:00:00,,,33,1300,2000,900,1800,900,1800,N,,,N,,50000,N,,2500,20,4,107,,N,2019-11-22T11:21:00,2025-07-14T15:21:12
SD191103,성동3호점 우리동네키움센터(마장아이꿈누리터),1001,우리동네키움센터,11200,성동구,1003,초등학생,127.04306,37.56823,4753,서울특별시 성동구 마장로39길 33,2층,2019-08-30T00:00:00,,,17,1300,1900,900,1800,900,1800,N,,,N,,50000,N,,2500,20,4,54.92,,N,2019-11-22T11:21:00,2026-01-09T14:22:44
GJ191101,광진1호점 우리동네키움센터,1001,우리동네키움센터,11215,광진구,1003,초등학생,127.07526,37.53294,5092,서울특별시 광진구 자양번영로 35,자양종합사회복지관 4층 (자양동),2019-09-02T00:00:00,,,23,1300,2000,900,1900,1000,2000,N,,,N,,50000,N,,2500,20,4,76.15,,N,2019-11-22T11:21:00,2025-10-16T18:28:20
SD191106,성동6호점 우리동네키움센터(성수쌍용아이꿈누리터),1001,우리동네키움센터,11200,성동구,1003,초등학생,127.04712,37.55013,4788,서울특별시 성동구 상원길63 쌍용아파트,105동 101호,2019-10-07T00:00:00,,,20,1300,1900,900,1800,900,1800,N,,,N,,50000,N,,2500,15,3,66,,N,2019-11-22T11:21:00,2026-04-29T19:09:31
SD191104,성동4호점 우리동네키움센터(응봉아이꿈누리터),1001,우리동네키움센터,11200,성동구,1003,초등학생,127.03074,37.55021,4720,서울특별시 성동구 독서당로 381 ,현대종합상가 304호,2019-08-30T00:00:00,,,25,900,1900,900,1800,900,1800,N,,,N,,50000,N,,2500,20,4,81,,Y,2019-11-22T11:21:00,2026-02-09T17:38:25
DB191105,도봉2호점 우리동네키움센터(도봉1동 별별키움센터),1001,우리동네키움센터,11320,도봉구,1003,초등학생,127.04218,37.68484,1304,서울특별시 도봉구 도봉로181길 65-8,2층 (도봉동),2019-10-01T00:00:00,,,20,1100,1900,900,1800,1000,1800,N,,,N,,20000,N,,2000,20,4,93.39,,N,2019-11-22T11:21:00,2026-03-20T14:20:15
SD191102,성동2호점 우리동네키움센터(왕십리도선동아이꿈누리터),1001,우리동네키움센터,11200,성동구,1003,초등학생,127.02553,37.56788,4700,서울특별시 성동구 마장로 141,왕십리도선동주민센터 2층 (상왕십리동),2019-07-26T00:00:00,,,20,1300,2000,900,1800,900,1800,N,,,N,,50000,N,,2500,20,1,60,,N,2019-11-22T11:21:00,2026-01-05T18:07:07
SC191101,서초1호점 우리동네키움센터(서초구립우면동초등키움센터),1001,우리동네키움센터,11650,서초구,1003,초등학생,127.01569,37.45625,6767,서울특별시 서초구 양재대로2길 110,서초우면열린문화센터 2층 (우면동),2019-06-10T00:00:00,,,40,1300,1900,900,1800,900,1800,N,700,1600,Y,0,,Y,0,,20,4,138.44,,N,2019-11-19T22:04:52,2026-03-28T14:41:33
GR191101,구로1호점 (개봉3동)우리동네키움센터,1001,우리동네키움센터,11530,구로구,1003,초등학생,126.852538040537,37.4886639722574,8349,서울특별시 구로구 개봉로11나길 23 ,1층,2019-10-01T00:00:00,,,20,900,1900,900,1900,900,1900,N,,,N,,50000,N,,2500,20,4,80,,N,2019-11-19T22:04:52,2026-02-09T16:25:02
GD191101,강동1호점 우리동네키움센터(상상나루來키움센터),1001,우리동네키움센터,11740,강동구,1003,초등학생,127.13146,37.5506,5262,서울특별시 강동구 올림픽로98가길 28,"2층, 상상나루래키움센터",2019-10-14T00:00:00,,,26,1000,1900,900,1800,900,1800,N,,,N,,40000,,,,20,4,85.64,,N,2019-11-19T22:04:52,2023-07-03T12:47:15
SP191104,송파1호점 우리동네키움센터(잠실본동 송파키움센터),1001,우리동네키움센터,11710,송파구,1003,초등학생,127.080071117672,37.509638990581,5561,서울특별시 송파구 올림픽로8길 22,801호 (잠실동),2019-10-01T00:00:00,,,20,1300,1900,900,1900,900,1900,N,,,N,,50000,N,,2500,20,4,66,,N,2019-11-19T22:04:52,2026-04-20T14:36:53
YC191101,양천구 1호점 우리동네키움센터,1001,우리동네키움센터,11470,양천구,1003,초등학생,126.845201288017,37.5112384847052,8054,서울특별시 양천구 신정로11길 20,동일하이빌1단지아파트 관리동 ,2019-09-01T00:00:00,,,42.7,1000,2000,900,1800,900,1800,N,,,N,,50000,N,,2500,25,5,141,,N,2019-11-19T22:04:52,2025-10-16T16:32:20
SP191103,송파2호점 우리동네키움센터(송파1동 송파키움센터),1001,우리동네키움센터,11710,송파구,1003,초등학생,127.10977,37.50597,5666,서울특별시 송파구 백제고분로 42길 5 ,송파여성문화회관 1층 송파1동 송파키움센터,2019-12-02T00:00:00,,,22,1300,1900,900,1800,900,1800,N,,,N,,50000,N,,2500,20,4,72,,N,2019-11-19T22:04:52,2025-10-17T12:14:08
GN191101,강남1호점 우리동네키움센터(태화다함께키움센터),1001,우리동네키움센터,11680,강남구,1003,초등학생,127.09348,37.48474,6353,서울특별시 강남구 광평로 185,"101호, 406호, 507호",2019-04-01T00:00:00,,,125,1000,1900,900,1800,900,1800,N,,,N,,50000,N,,2500,50,3,414.23,,N,2019-11-19T22:04:52,2026-04-23T09:57:02
SP191102,삼전동 송파3호점 우리동네키움센터(삼전동 송파키움센터),1001,우리동네키움센터,11710,송파구,1003,초등학생,127.094954315455,37.4991538336896,5598,서울특별시 송파구 백제고분로32길 35,삼전종합사회복지관 3층 삼전동 송파키움센터 (삼전동),2019-12-01T00:00:00,,,25,1300,1900,900,1800,900,1800,N,,,N,,50000,N,,2500,20,4,81,,N,2019-11-19T22:04:52,2026-04-01T18:49:07
MP191101,마포2호점 우리동네키움센터(망원1동),1001,우리동네키움센터,11440,마포구,1003,초등학생,126.90271,37.55318,4016,서울시 마포구 희우정로 77 ,상가 1층 우리동네키움센터,2019-08-22T00:00:00,,,30,1000,1900,900,1800,900,1800,N,,,N,,50000,N,,2500,25,5,99.1,,N,2019-11-19T22:04:52,2026-02-23T14:05:31
SP191101,송파4호점 우리동네키움센터(가락1동 송파키움센터),1001,우리동네키움센터,11710,송파구,1003,초등학생,127.10987,37.49649,5698,서울특별시 송파구 양재대로 925,2층 (가락동),2019-12-02T00:00:00,,,34,1300,1900,900,1900,900,1900,N,,,N,,50000,N,,2500,25,5,116,,N,2019-11-19T22:04:52,2026-03-04T11:43:40
SB191101,성북1호점 우리동네키움센터(장위1동),1001,우리동네키움센터,11290,성북구,1003,초등학생,127.04584,37.61589,2755,서울특별시 성북구 장위로21다길 53,장위행복누림복합센터 3층 (장위동),2018-06-01T00:00:00,,,29,1100,1900,900,1900,900,1900,N,,,N,,50000,N,,2500,29,5,95,,N,2019-11-19T22:04:52,2026-01-22T15:27:56
MP191102,마포구1호점 우리동네키움센터(성산2동),1001,우리동네키움센터,11440,마포구,1003,초등학생,126.90583,37.56845,3940,"서울특별시 마포구 월드컵로 36길52,",2층 160-7,2019-06-08T00:00:00,,,30,1300,1900,800,1900,1000,1900,N,,,N,,50000,N,,2500,25,5,102,,N,2019-11-19T22:04:52,2026-04-30T19:02:07
YF191101,영등포1호점 우리동네키움센터 (영등포본동 아이랜드),1001,우리동네키움센터,11560,영등포구,1003,초등학생,126.91381,37.5135,7311,서울특별시 영등포구 신길로60길 31-2,2층 (신길동),2019-08-21T00:00:00,,,20,900,1900,900,1800,900,1900,N,,,Y,,,,,,20,4,66.91,,N,2019-11-19T22:04:52,2025-10-16T14:05:26
JR191101,중랑1호점 신내동우리동네키움센터(중랑아동돌봄센터),1001,우리동네키움센터,11260,중랑구,1003,초등학생,127.11012,37.61805,2263,서울특별시 중랑구 신내역로1길 145,1층 101호,2020-02-03T00:00:00,,,22,700,2000,900,2000,900,2000,N,,,N,,50000,N,,2500,22,4,73,,Y,2019-11-19T22:04:52,2025-12-16T14:47:55
GR191102,구로2호점 우리동네키움센터(구로5동),1001,우리동네키움센터,11530,구로구,1003,초등학생,126.88651,37.50171,8292,서울특별시 구로구 구로중앙로34길 67,구로5동 우리동네키움센터,2019-10-24T00:00:00,,,20,900,1900,900,1800,900,1900,N,,,N,,50000,N,,2500,20,4,72,,N,2019-11-19T22:04:52,2025-10-13T13:32:53
DJ191101,동작1호점 우리동네키움센터(노량진2동),1001,우리동네키움센터,11590,동작구,1003,초등학생,126.93719,37.50829,6935,서울특별시 동작구 장승배기로 19길 50,1~2층,2019-06-10T00:00:00,,,59,1300,1900,900,1900,900,1900,N,,,N,,50000,N,,2500,20,4,196,,N,2019-11-19T22:04:52,2025-03-13T10:43:10
SM191102,서대문구1호점 우리동네키움센터,1001,우리동네키움센터,11410,서대문구,1003,초등학생,126.90906,37.57815,3714,서울특별시 서대문구 거북골로 195-1,"1, 2층 (서대문꿈나무지원센터, 북가좌동)",2019-06-03T00:00:00,,,64,1300,2000,900,1900,900,1900,N,,,N,,50000,N,,2500,28,5,214.73,,N,2019-11-19T22:04:52,2026-02-12T11:25:34
DM191101,동대문1호점 우리동네키움센터(희망) ,1001,우리동네키움센터,11230,동대문구,1003,초등학생,127.03033,37.57611,2583,서울특별시 동대문구 무학로 133,1-2층 (용두동) (용두동),2019-07-01T00:00:00,,,55.9,1300,1900,900,1800,900,1900,N,900,1500,N,,50000,N,,2500,30,6,184.7,,N,2019-11-19T22:03:55,2025-12-09T14:46:22
